{
    "name": "root",
    "metadata": {
        "timer_format_version": "0.1.0",
        "start_time_seconds": "1686979979",
        "python_version": "3.9.0 (default, Nov 15 2020, 08:30:55) [MSC v.1916 64 bit (AMD64)]",
        "command_line_arguments": "E:\\Anaconda_Data\\envs\\mytorch\\Scripts\\mlagents-learn results/ppo/myConfig.yaml --run-id=EscapingTheDungeonUAS_11 --resume",
        "mlagents_version": "0.30.0",
        "mlagents_envs_version": "0.30.0",
        "communication_protocol_version": "1.5.0",
        "pytorch_version": "1.7.1+cu110",
        "numpy_version": "1.21.2",
        "end_time_seconds": "1687008771"
    },
    "total": 28792.4740275,
    "count": 1,
    "self": 0.009722700000565965,
    "children": {
        "run_training.setup": {
            "total": 0.1380695000000003,
            "count": 1,
            "self": 0.1380695000000003
        },
        "TrainerController.start_learning": {
            "total": 28792.3262353,
            "count": 1,
            "self": 24.18465829865454,
            "children": {
                "TrainerController._reset_env": {
                    "total": 25.386519899999996,
                    "count": 1,
                    "self": 25.386519899999996
                },
                "TrainerController.advance": {
                    "total": 28742.618471301343,
                    "count": 934792,
                    "self": 10.463972501689568,
                    "children": {
                        "env_step": {
                            "total": 28732.154498799653,
                            "count": 934792,
                            "self": 23530.707296798577,
                            "children": {
                                "SubprocessEnvManager._take_step": {
                                    "total": 5188.420745800266,
                                    "count": 934792,
                                    "self": 77.02395249910296,
                                    "children": {
                                        "TorchPolicy.evaluate": {
                                            "total": 5111.396793301163,
                                            "count": 889713,
                                            "self": 5111.396793301163
                                        }
                                    }
                                },
                                "workers": {
                                    "total": 13.026456200811339,
                                    "count": 934791,
                                    "self": 0.0,
                                    "children": {
                                        "worker_root": {
                                            "total": 28614.663397300967,
                                            "count": 934791,
                                            "is_parallel": true,
                                            "self": 7398.926728099883,
                                            "children": {
                                                "steps_from_proto": {
                                                    "total": 0.0016034000000004767,
                                                    "count": 1,
                                                    "is_parallel": true,
                                                    "self": 9.770000000486334e-05,
                                                    "children": {
                                                        "_process_rank_one_or_two_observation": {
                                                            "total": 0.0015056999999956133,
                                                            "count": 2,
                                                            "is_parallel": true,
                                                            "self": 0.0015056999999956133
                                                        }
                                                    }
                                                },
                                                "UnityEnvironment.step": {
                                                    "total": 21215.735065801084,
                                                    "count": 934791,
                                                    "is_parallel": true,
                                                    "self": 514.2169899972723,
                                                    "children": {
                                                        "UnityEnvironment._generate_step_input": {
                                                            "total": 221.02344550186052,
                                                            "count": 934791,
                                                            "is_parallel": true,
                                                            "self": 221.02344550186052
                                                        },
                                                        "communicator.exchange": {
                                                            "total": 18940.981427902025,
                                                            "count": 934791,
                                                            "is_parallel": true,
                                                            "self": 18940.981427902025
                                                        },
                                                        "steps_from_proto": {
                                                            "total": 1539.513202399925,
                                                            "count": 934791,
                                                            "is_parallel": true,
                                                            "self": 107.74673719845032,
                                                            "children": {
                                                                "_process_rank_one_or_two_observation": {
                                                                    "total": 1431.7664652014746,
                                                                    "count": 1869582,
                                                                    "is_parallel": true,
                                                                    "self": 1431.7664652014746
                                                                }
                                                            }
                                                        }
                                                    }
                                                }
                                            }
                                        }
                                    }
                                }
                            }
                        }
                    }
                },
                "TrainerController._save_models": {
                    "total": 0.1365858000026492,
                    "count": 1,
                    "self": 0.033999200004473096,
                    "children": {
                        "RLTrainer._checkpoint": {
                            "total": 0.1025865999981761,
                            "count": 1,
                            "self": 0.1025865999981761
                        }
                    }
                }
            }
        }
    }
}