{
    "name": "root",
    "metadata": {
        "timer_format_version": "0.1.0",
        "start_time_seconds": "1685210279",
        "python_version": "3.9.0 (default, Nov 15 2020, 08:30:55) [MSC v.1916 64 bit (AMD64)]",
        "command_line_arguments": "E:\\Anaconda_Data\\envs\\mytorch\\Scripts\\mlagents-learn results/ppo/newConfig.yaml --run-id=EscapingTheDungeon1 --force",
        "mlagents_version": "0.30.0",
        "mlagents_envs_version": "0.30.0",
        "communication_protocol_version": "1.5.0",
        "pytorch_version": "1.7.1+cu110",
        "numpy_version": "1.21.2",
        "end_time_seconds": "1685210306"
    },
    "total": 26.979615199999998,
    "count": 1,
    "self": 0.006071899999998465,
    "children": {
        "run_training.setup": {
            "total": 0.11648259999999988,
            "count": 1,
            "self": 0.11648259999999988
        },
        "TrainerController.start_learning": {
            "total": 26.857060699999998,
            "count": 1,
            "self": 0.019004099999957447,
            "children": {
                "TrainerController._reset_env": {
                    "total": 6.4075028000000005,
                    "count": 1,
                    "self": 6.4075028000000005
                },
                "TrainerController.advance": {
                    "total": 20.25052760000004,
                    "count": 346,
                    "self": 0.003845500000039692,
                    "children": {
                        "env_step": {
                            "total": 20.2466821,
                            "count": 346,
                            "self": 18.751056600000005,
                            "children": {
                                "SubprocessEnvManager._take_step": {
                                    "total": 1.4915269000000126,
                                    "count": 346,
                                    "self": 0.027631899999999376,
                                    "children": {
                                        "TorchPolicy.evaluate": {
                                            "total": 1.4638950000000133,
                                            "count": 311,
                                            "self": 1.4638950000000133
                                        }
                                    }
                                },
                                "workers": {
                                    "total": 0.004098599999984742,
                                    "count": 345,
                                    "self": 0.0,
                                    "children": {
                                        "worker_root": {
                                            "total": 15.516478900000019,
                                            "count": 345,
                                            "is_parallel": true,
                                            "self": 3.7333982000000105,
                                            "children": {
                                                "steps_from_proto": {
                                                    "total": 0.004003100000000259,
                                                    "count": 1,
                                                    "is_parallel": true,
                                                    "self": 0.00021620000000055484,
                                                    "children": {
                                                        "_process_rank_one_or_two_observation": {
                                                            "total": 0.0037868999999997044,
                                                            "count": 2,
                                                            "is_parallel": true,
                                                            "self": 0.0037868999999997044
                                                        }
                                                    }
                                                },
                                                "UnityEnvironment.step": {
                                                    "total": 11.779077600000008,
                                                    "count": 345,
                                                    "is_parallel": true,
                                                    "self": 0.3485252000000294,
                                                    "children": {
                                                        "UnityEnvironment._generate_step_input": {
                                                            "total": 0.10878329999999181,
                                                            "count": 345,
                                                            "is_parallel": true,
                                                            "self": 0.10878329999999181
                                                        },
                                                        "communicator.exchange": {
                                                            "total": 10.05952409999999,
                                                            "count": 345,
                                                            "is_parallel": true,
                                                            "self": 10.05952409999999
                                                        },
                                                        "steps_from_proto": {
                                                            "total": 1.2622449999999965,
                                                            "count": 345,
                                                            "is_parallel": true,
                                                            "self": 0.0448419000000273,
                                                            "children": {
                                                                "_process_rank_one_or_two_observation": {
                                                                    "total": 1.2174030999999692,
                                                                    "count": 690,
                                                                    "is_parallel": true,
                                                                    "self": 1.2174030999999692
                                                                }
                                                            }
                                                        }
                                                    }
                                                }
                                            }
                                        }
                                    }
                                }
                            }
                        }
                    }
                },
                "trainer_threads": {
                    "total": 2.0899999999102192e-05,
                    "count": 1,
                    "self": 2.0899999999102192e-05,
                    "children": {
                        "thread_root": {
                            "total": 0.0,
                            "count": 0,
                            "is_parallel": true,
                            "self": 0.0,
                            "children": {
                                "trainer_advance": {
                                    "total": 20.23815720000005,
                                    "count": 1150,
                                    "is_parallel": true,
                                    "self": 0.0811696000000417,
                                    "children": {
                                        "process_trajectory": {
                                            "total": 17.30470560000001,
                                            "count": 1150,