{
    "name": "root",
    "metadata": {
        "timer_format_version": "0.1.0",
        "start_time_seconds": "1685517026",
        "python_version": "3.9.0 (default, Nov 15 2020, 08:30:55) [MSC v.1916 64 bit (AMD64)]",
        "command_line_arguments": "E:\\Anaconda_Data\\envs\\mytorch\\Scripts\\mlagents-learn results/ppo/newConfig.yaml --run-id=EscapingTheDungeon1 --force",
        "mlagents_version": "0.30.0",
        "mlagents_envs_version": "0.30.0",
        "communication_protocol_version": "1.5.0",
        "pytorch_version": "1.7.1+cu110",
        "numpy_version": "1.21.2",
        "end_time_seconds": "1685517432"
    },
    "total": 405.7043019,
    "count": 1,
    "self": 0.0058246000000394815,
    "children": {
        "run_training.setup": {
            "total": 0.16665930000000007,
            "count": 1,
            "self": 0.16665930000000007
        },
        "TrainerController.start_learning": {
            "total": 405.531818,
            "count": 1,
            "self": 0.26513110000013285,
            "children": {
                "TrainerController._reset_env": {
                    "total": 8.5735371,
                    "count": 1,
                    "self": 8.5735371
                },
                "TrainerController.advance": {
                    "total": 396.59964349999984,
                    "count": 6065,
                    "self": 0.12948050000113653,
                    "children": {
                        "env_step": {
                            "total": 396.4701629999987,
                            "count": 6065,
                            "self": 344.49759269999885,
                            "children": {
                                "SubprocessEnvManager._take_step": {
                                    "total": 51.826447499999055,
                                    "count": 6066,
                                    "self": 0.9506999999992374,
                                    "children": {
                                        "TorchPolicy.evaluate": {
                                            "total": 50.87574749999982,
                                            "count": 6062,
                                            "self": 50.87574749999982
                                        }
                                    }
                                },
                                "workers": {
                                    "total": 0.14612280000080524,
                                    "count": 6064,
                                    "self": 0.0,
                                    "children": {
                                        "worker_root": {
                                            "total": 292.0646314000006,
                                            "count": 6064,
                                            "is_parallel": true,
                                            "self": 86.17275930000042,
                                            "children": {
                                                "steps_from_proto": {
                                                    "total": 0.001396000000000619,
                                                    "count": 2,
                                                    "is_parallel": true,
                                                    "self": 0.0005618000000007228,
                                                    "children": {
                                                        "_process_rank_one_or_two_observation": {
                                                            "total": 0.0008341999999998961,
                                                            "count": 4,
                                                            "is_parallel": true,
                                                            "self": 0.0008341999999998961
                                                        }
                                                    }
                                                },
                                                "UnityEnvironment.step": {
                                                    "total": 205.8904761000002,
                                                    "count": 6064,
                                                    "is_parallel": true,
                                                    "self": 2.095248600000275,
                                                    "children": {
                                                        "UnityEnvironment._generate_step_input": {
                                                            "total": 4.661159000000162,
                                                            "count": 6064,
                                                            "is_parallel": true,
                                                            "self": 4.661159000000162
                                                        },
                                                        "communicator.exchange": {
                                                            "total": 195.40028150000012,
                                                            "count": 6064,
                                                            "is_parallel": true,
                                                            "self": 195.40028150000012
                                                        },
                                                        "steps_from_proto": {
                                                            "total": 3.733786999999631,
                                                            "count": 6060,
                                                            "is_parallel": true,
                                                            "self": 1.4920641999991622,
                                                            "children": {
                                                                "_process_rank_one_or_two_observation": {
                                                                    "total": 2.2417228000004688,
                                                                    "count": 12120,
                                                                    "is_parallel": true,
                                                                    "self": 2.2417228000004688
                                                                }
                                                            }
                                                        }
                                                    }
                                                }
                                            }
                                        }
                                    }
                                }
                            }
                        }
                    }
                },
                "TrainerController._save_models": {
                    "total": 0.09350630000000137,
                    "count": 1,
                    "self": 0.012480999999979758,
                    "children": {
                        "RLTrainer._checkpoint": {
                            "total": 0.08102530000002162,
                            "count": 1,
                            "self": 0.08102530000002162
                        }
                    }
                }
            }
        }
    }
}