{
    "name": "root",
    "gauges": {
        "EscapingTheDungeon.Policy.Entropy.mean": {
            "value": 1.0863972902297974,
            "min": 1.0863972902297974,
            "max": 1.099394679069519,
            "count": 17
        },
        "EscapingTheDungeon.Policy.Entropy.sum": {
            "value": 5508.0341796875,
            "min": 4917.48828125,
            "max": 6063.0478515625,
            "count": 17
        },
        "EscapingTheDungeon.Environment.EpisodeLength.mean": {
            "value": 544.6666666666666,
            "min": 18.988505747126435,
            "max": 544.6666666666666,
            "count": 17
        },
        "EscapingTheDungeon.Environment.EpisodeLength.sum": {
            "value": 6536.0,
            "min": 1424.0,
            "max": 10456.0,
            "count": 17
        },
        "EscapingTheDungeon.Step.mean": {
            "value": 3324899.0,
            "min": 3244944.0,
            "max": 3324899.0,
            "count": 17
        },
        "EscapingTheDungeon.Step.sum": {
            "value": 3324899.0,
            "min": 3244944.0,
            "max": 3324899.0,
            "count": 17
        },
        "EscapingTheDungeon.Policy.ExtrinsicValueEstimate.mean": {
            "value": 0.2378637194633484,
            "min": 0.05767569690942764,
            "max": 5.150898456573486,
            "count": 17
        },
        "EscapingTheDungeon.Policy.ExtrinsicValueEstimate.sum": {
            "value": 10.46600341796875,
            "min": 3.806596040725708,
            "max": 674.7677001953125,
            "count": 17
        },
        "EscapingTheDungeon.Environment.CumulativeReward.mean": {
            "value": 6.666666666666667,
            "min": -0.06153846153846154,
            "max": 6.666666666666667,
            "count": 17
        },
        "EscapingTheDungeon.Environment.CumulativeReward.sum": {
            "value": 80.0,
            "min": -4.0,
            "max": 181.0,
            "count": 17
        },
        "EscapingTheDungeon.Policy.ExtrinsicReward.mean": {
            "value": 6.666666666666667,
            "min": -0.06153846153846154,
            "max": 6.666666666666667,
            "count": 17
        },
        "EscapingTheDungeon.Policy.ExtrinsicReward.sum": {
            "value": 80.0,
            "min": -4.0,
            "max": 181.0,
            "count": 17
        },
        "EscapingTheDungeon.IsTraining.mean": {
            "value": 1.0,
            "min": 1.0,
            "max": 1.0,
            "count": 17
        },
        "EscapingTheDungeon.IsTraining.sum": {
            "value": 1.0,
            "min": 1.0,
            "max": 1.0,
            "count": 17
        },
        "EscapingTheDungeon.Losses.PolicyLoss.mean": {
            "value": 0.031793886652449144,
            "min": 0.030900762935634703,
            "max": 0.03787649041507393,
            "count": 8
        },
        "EscapingTheDungeon.Losses.PolicyLoss.sum": {
            "value": 0.031793886652449144,
            "min": 0.030900762935634703,
            "max": 0.03787649041507393,
            "count": 8
        },
        "EscapingTheDungeon.Losses.ValueLoss.mean": {
            "value": 0.042343684136867524,
            "min": 0.042343684136867524,
            "max": 1.1453907012939453,
            "count": 8
        },
        "EscapingTheDungeon.Losses.ValueLoss.sum": {
            "value": 0.042343684136867524,
            "min": 0.042343684136867524,
            "max": 1.1453907012939453,
            "count": 8
        },
        "EscapingTheDungeon.Policy.LearningRate.mean": {
            "value": 0.00029003085632304897,
            "min": 0.00029003085632304897,
            "max": 0.00029024701825099494,
            "count": 8
        },
        "EscapingTheDungeon.Policy.LearningRate.sum": {
            "value": 0.00029003085632304897,
            "min": 0.00029003085632304897,
            "max": 0.00029024701825099494,
            "count": 8
        },
        "EscapingTheDungeon.Policy.Epsilon.mean": {
            "value": 0.19667695100000004,
            "min": 0.19667695100000004,
            "max": 0.19674900500000003,
            "count": 8
        },
        "EscapingTheDungeon.Policy.Epsilon.sum": {
            "value": 0.19667695100000004,
            "min": 0.19667695100000004,
            "max": 0.19674900500000003,
            "count": 8
        },
        "EscapingTheDungeon.Policy.Beta.mean": {
            "value": 0.0096680274049,
            "min": 0.0096680274049,
            "max": 0.009675225599499999,
            "count": 8
        },
        "EscapingTheDungeon.Policy.Beta.sum": {
            "value": 0.0096680274049,
            "min": 0.0096680274049,
            "max": 0.009675225599499999,
            "count": 8
        }
    },
    "metadata": {
        "timer_format_version": "0.1.0",
        "start_time_seconds": "1686295422",
        "python_version": "3.9.0 (default, Nov 15 2020, 08:30:55) [MSC v.1916 64 bit (AMD64)]",
        "command_line_arguments": "E:\\Anaconda_Data\\envs\\mytorch\\Scripts\\mlagents-learn results/ppo/myConfig.yaml --run-id=EscapingTheDungeonUAS_8 --resume",
        "mlagents_version": "0.30.0",
        "mlagents_envs_version": "0.30.0",
        "communication_protocol_version": "1.5.0",
        "pytorch_version": "1.7.1+cu110",
        "numpy_version": "1.21.2",
        "end_time_seconds": "1686295656"
    },
    "total": 234.51325930000002,
    "count": 1,
    "self": 0.007126600000049166,
    "children": {
        "run_training.setup": {
            "total": 0.15436300000000003,
            "count": 1,
            "self": 0.15436300000000003
        },
        "TrainerController.start_learning": {
            "total": 234.35176969999998,
            "count": 1,
            "self": 0.18180820000046083,
            "children": {
                "TrainerController._reset_env": {
                    "total": 6.289449299999999,
                    "count": 1,
                    "self": 6.289449299999999
                },
                "TrainerController.advance": {
                    "total": 227.6988829999995,
                    "count": 6495,
                    "self": 0.07676880000028063,
                    "children": {
                        "env_step": {
                            "total": 227.62211419999923,
                            "count": 6495,
                            "self": 192.21559329999974,
                            "children": {
                                "SubprocessEnvManager._take_step": {
                                    "total": 35.31735039999916,
                                    "count": 6495,
                                    "self": 0.526059800000553,
                                    "children": {
                                        "TorchPolicy.evaluate": {
                                            "total": 34.791290599998604,
                                            "count": 5812,
                                            "self": 34.791290599998604
                                        }
                                    }
                                },
                                "workers": {
                                    "total": 0.08917050000035331,
                                    "count": 6494,
                                    "self": 0.0,
                                    "children": {
                                        "worker_root": {
                                            "total": 232.1926463999999,
                                            "count": 6494,
                                            "is_parallel": true,
                                            "self": 55.04367750000125,
                                            "children": {
                                                "steps_from_proto": {
                                                    "total": 0.0010182000000000802,