{
    "name": "root",
    "gauges": {
        "EscapingTheDungeon.Policy.Entropy.mean": {
            "value": 2.241788864135742,
            "min": 0.8363226652145386,
            "max": 2.241830825805664,
            "count": 3101
        },
        "EscapingTheDungeon.Policy.Entropy.sum": {
            "value": 7700.54443359375,
            "min": 3015.93359375,
            "max": 14358.5546875,
            "count": 3101
        },
        "EscapingTheDungeon.Environment.EpisodeLength.mean": {
            "value": 171.78947368421052,
            "min": 10.723350253807107,
            "max": 264.68,
            "count": 3101
        },
        "EscapingTheDungeon.Environment.EpisodeLength.sum": {
            "value": 3264.0,
            "min": 2880.0,
            "max": 7562.0,
            "count": 3101
        },
        "EscapingTheDungeon.Step.mean": {
            "value": 15504941.0,
            "min": 4959.0,
            "max": 15504941.0,
            "count": 3101
        },
        "EscapingTheDungeon.Step.sum": {
            "value": 15504941.0,
            "min": 4959.0,
            "max": 15504941.0,
            "count": 3101
        },
        "EscapingTheDungeon.Policy.ExtrinsicValueEstimate.mean": {
            "value": 5.543774127960205,
            "min": -0.372189462184906,
            "max": 12.31564712524414,
            "count": 3101
        },
        "EscapingTheDungeon.Policy.ExtrinsicValueEstimate.sum": {
            "value": 293.8200378417969,
            "min": -140.3154296875,
            "max": 5110.99365234375,
            "count": 3101
        },
        "EscapingTheDungeon.Environment.CumulativeReward.mean": {
            "value": 24.741935483870968,
            "min": 0.14714714714714713,
            "max": 30.77777777777778,
            "count": 3101
        },
        "EscapingTheDungeon.Environment.CumulativeReward.sum": {
            "value": 767.0,
            "min": 49.0,
            "max": 1013.0,
            "count": 3101
        },
        "EscapingTheDungeon.Policy.ExtrinsicReward.mean": {
            "value": 24.741935483870968,
            "min": 0.14714714714714713,
            "max": 30.77777777777778,
            "count": 3101
        },
        "EscapingTheDungeon.Policy.ExtrinsicReward.sum": {
            "value": 767.0,
            "min": 49.0,
            "max": 1013.0,
            "count": 3101
        },
        "EscapingTheDungeon.IsTraining.mean": {
            "value": 1.0,
            "min": 1.0,
            "max": 1.0,
            "count": 3101
        },
        "EscapingTheDungeon.IsTraining.sum": {
            "value": 1.0,
            "min": 1.0,
            "max": 1.0,
            "count": 3101
        },
        "EscapingTheDungeon.Losses.PolicyLoss.mean": {
            "value": 0.03192814157577231,
            "min": 0.026793958396010568,
            "max": 0.04752741634380073,
            "count": 1505
        },
        "EscapingTheDungeon.Losses.PolicyLoss.sum": {
            "value": 0.03192814157577231,
            "min": 0.026793958396010568,
            "max": 0.04752741634380073,
            "count": 1505
        },
        "EscapingTheDungeon.Losses.ValueLoss.mean": {
            "value": 0.5783960670232773,
            "min": 0.02484098868444562,
            "max": 3.768591830730438,
            "count": 1505
        },
        "EscapingTheDungeon.Losses.ValueLoss.sum": {
            "value": 0.5783960670232773,
            "min": 0.02484098868444562,
            "max": 3.768591830730438,
            "count": 1505
        },
        "EscapingTheDungeon.Policy.LearningRate.mean": {
            "value": 0.0002535004204998649,
            "min": 0.0002535004204998649,
            "max": 0.00029996923801025406,
            "count": 1505
        },
        "EscapingTheDungeon.Policy.LearningRate.sum": {
            "value": 0.0002535004204998649,
            "min": 0.0002535004204998649,
            "max": 0.00029996923801025406,
            "count": 1505
        },
        "EscapingTheDungeon.Policy.Epsilon.mean": {
            "value": 0.184500135,
            "min": 0.184500135,
            "max": 0.199989746,
            "count": 1505
        },
        "EscapingTheDungeon.Policy.Epsilon.sum": {
            "value": 0.184500135,
            "min": 0.184500135,
            "max": 0.199989746,
            "count": 1505
        },
        "EscapingTheDungeon.Policy.Beta.mean": {
            "value": 0.0084515634865,
            "min": 0.0084515634865,
            "max": 0.009998975625400001,
            "count": 1505
        },
        "EscapingTheDungeon.Policy.Beta.sum": {
            "value": 0.0084515634865,
            "min": 0.0084515634865,
            "max": 0.009998975625400001,
            "count": 1505
        }
    },
    "metadata": {
        "timer_format_version": "0.1.0",
        "start_time_seconds": "1686637239",
        "python_version": "3.9.0 (default, Nov 15 2020, 08:30:55) [MSC v.1916 64 bit (AMD64)]",
        "command_line_arguments": "E:\\Anaconda_Data\\envs\\mytorch\\Scripts\\mlagents-learn results/ppo/myConfig.yaml --run-id=EscapingTheDungeonUAS_10 --force",
        "mlagents_version": "0.30.0",
        "mlagents_envs_version": "0.30.0",
        "communication_protocol_version": "1.5.0",
        "pytorch_version": "1.7.1+cu110",
        "numpy_version": "1.21.2",
        "end_time_seconds": "1686669758"
    },
    "total": 32519.2330499,
    "count": 1,
    "self": 0.00856720000228961,
    "children": {
        "run_training.setup": {
            "total": 0.2541875,
            "count": 1,
            "self": 0.2541875
        },
        "TrainerController.start_learning": {
            "total": 32518.9702952,
            "count": 1,
            "self": 28.66184010046709,
            "children": {
                "TrainerController._reset_env": {
                    "total": 11.6627522,
                    "count": 1,
                    "self": 11.6627522
                },
                "TrainerController.advance": {
                    "total": 32478.55537699953,
                    "count": 1142442,
                    "self": 12.749015199879068,
                    "children": {
                        "env_step": {
                            "total": 32465.806361799652,
                            "count": 1142442,
                            "self": 26466.696257897496,
                            "children": {
                                "SubprocessEnvManager._take_step": {
                                    "total": 5984.150978301041,
                                    "count": 1142442,
                                    "self": 87.90139020018614,
                                    "children": {
                                        "TorchPolicy.evaluate": {
                                            "total": 5896.249588100854,
                                            "count": 1033880,
                                            "self": 5896.249588100854
                                        }
                                    }
                                },
                                "workers": {
                                    "total": 14.959125601115929,
                                    "count": 1142441,
                                    "self": 0.0,
                                    "children": {
                                        "worker_root": {
                                            "total": 32474.228032699404,
                                            "count": 1142441,
                                            "is_parallel": true,
                                            "self": 8577.758026599538,
                                            "children": {
                                                "steps_from_proto": {
                                                    "total": 0.0017329999999997625,
                                                    "count": 1,