{
    "name": "root",
    "gauges": {
        "EscapingTheDungeon.Policy.Entropy.mean": {
            "value": 3.9419989585876465,
            "min": 2.241788864135742,
            "max": 3.9488675594329834,
            "count": 3907
        },
        "EscapingTheDungeon.Policy.Entropy.sum": {
            "value": 20045.064453125,
            "min": 7220.236328125,
            "max": 24325.263671875,
            "count": 3907
        },
        "EscapingTheDungeon.Environment.EpisodeLength.mean": {
            "value": 218.10526315789474,
            "min": 10.228650137741047,
            "max": 999.0,
            "count": 3899
        },
        "EscapingTheDungeon.Environment.EpisodeLength.sum": {
            "value": 4144.0,
            "min": 96.0,
            "max": 14605.0,
            "count": 3899
        },
        "EscapingTheDungeon.Step.mean": {
            "value": 35039972.0,
            "min": 15509916.0,
            "max": 35039972.0,
            "count": 3907
        },
        "EscapingTheDungeon.Step.sum": {
            "value": 35039972.0,
            "min": 15509916.0,
            "max": 35039972.0,
            "count": 3907
        },
        "EscapingTheDungeon.Policy.ExtrinsicValueEstimate.mean": {
            "value": 5.633689880371094,
            "min": -0.8443458676338196,
            "max": 11.507760047912598,
            "count": 3907
        },
        "EscapingTheDungeon.Policy.ExtrinsicValueEstimate.sum": {
            "value": 253.51605224609375,
            "min": -296.57403564453125,
            "max": 3417.8046875,
            "count": 3907
        },
        "EscapingTheDungeon.Environment.CumulativeReward.mean": {
            "value": 24.157894736842106,
            "min": -0.7363896848137536,
            "max": 29.0,
            "count": 3899
        },
        "EscapingTheDungeon.Environment.CumulativeReward.sum": {
            "value": 459.0,
            "min": -257.0,
            "max": 914.0,
            "count": 3899
        },
        "EscapingTheDungeon.Policy.ExtrinsicReward.mean": {
            "value": 24.157894736842106,
            "min": -0.7363896848137536,
            "max": 29.0,
            "count": 3899
        },
        "EscapingTheDungeon.Policy.ExtrinsicReward.sum": {
            "value": 459.0,
            "min": -257.0,
            "max": 914.0,
            "count": 3899
        },
        "EscapingTheDungeon.IsTraining.mean": {
            "value": 1.0,
            "min": 1.0,
            "max": 1.0,
            "count": 3907
        },
        "EscapingTheDungeon.IsTraining.sum": {
            "value": 1.0,
            "min": 1.0,
            "max": 1.0,
            "count": 3907
        },
        "EscapingTheDungeon.Losses.PolicyLoss.mean": {
            "value": 0.0370214148494415,
            "min": 0.02466738755640108,
            "max": 0.04980213526221632,
            "count": 1895
        },
        "EscapingTheDungeon.Losses.PolicyLoss.sum": {
            "value": 0.0370214148494415,
            "min": 0.02466738755640108,
            "max": 0.04980213526221632,
            "count": 1895
        },
        "EscapingTheDungeon.Losses.ValueLoss.mean": {
            "value": 0.5969205901026726,
            "min": 0.004611041593598202,
            "max": 3.293986186981201,
            "count": 1895
        },
        "EscapingTheDungeon.Losses.ValueLoss.sum": {
            "value": 0.5969205901026726,
            "min": 0.004611041593598202,
            "max": 3.293986186981201,
            "count": 1895
        },
        "EscapingTheDungeon.Policy.LearningRate.mean": {
            "value": 0.00019490724503093006,
            "min": 0.00019490724503093006,
            "max": 0.00025344711051763493,
            "count": 1895
        },
        "EscapingTheDungeon.Policy.LearningRate.sum": {
            "value": 0.00019490724503093006,
            "min": 0.00019490724503093006,
            "max": 0.00025344711051763493,
            "count": 1895
        },
        "EscapingTheDungeon.Policy.Epsilon.mean": {
            "value": 0.16496907,
            "min": 0.16496907,
            "max": 0.18448236500000004,
            "count": 1895
        },
        "EscapingTheDungeon.Policy.Epsilon.sum": {
            "value": 0.16496907,
            "min": 0.16496907,
            "max": 0.18448236500000004,
            "count": 1895
        },
        "EscapingTheDungeon.Policy.Beta.mean": {
            "value": 0.006500410092999997,
            "min": 0.006500410092999997,
            "max": 0.0084497882635,
            "count": 1895
        },
        "EscapingTheDungeon.Policy.Beta.sum": {
            "value": 0.006500410092999997,
            "min": 0.006500410092999997,
            "max": 0.0084497882635,
            "count": 1895
        }
    },
    "metadata": {
        "timer_format_version": "0.1.0",
        "start_time_seconds": "1686671097",
        "python_version": "3.9.0 (default, Nov 15 2020, 08:30:55) [MSC v.1916 64 bit (AMD64)]",
        "command_line_arguments": "E:\\Anaconda_Data\\envs\\mytorch\\Scripts\\mlagents-learn results/ppo/myConfig.yaml --run-id=EscapingTheDungeonUAS_10 --resume",
        "mlagents_version": "0.30.0",
        "mlagents_envs_version": "0.30.0",
        "communication_protocol_version": "1.5.0",
        "pytorch_version": "1.7.1+cu110",
        "numpy_version": "1.21.2",
        "end_time_seconds": "1686710058"
    },
    "total": 38961.0207747,
    "count": 1,
    "self": 0.009785499998542946,
    "children": {
        "run_training.setup": {
            "total": 0.2070501999999994,
            "count": 1,
            "self": 0.2070501999999994
        },
        "TrainerController.start_learning": {
            "total": 38960.803939000005,
            "count": 1,
            "self": 33.151016999770945,
            "children": {
                "TrainerController._reset_env": {
                    "total": 16.0041383,
                    "count": 1,
                    "self": 16.0041383
                },
                "TrainerController.advance": {
                    "total": 38911.64696370024,
                    "count": 1415615,
                    "self": 15.332563699244929,
                    "children": {
                        "env_step": {
                            "total": 38896.31440000099,
                            "count": 1415615,
                            "self": 31765.629723604638,
                            "children": {
                                "SubprocessEnvManager._take_step": {
                                    "total": 7112.183464298658,
                                    "count": 1415615,
                                    "self": 111.32053069720678,
                                    "children": {
                                        "TorchPolicy.evaluate": {
                                            "total": 7000.862933601451,
                                            "count": 1302497,
                                            "self": 7000.862933601451
                                        }
                                    }
                                },
                                "workers": {
                                    "total": 18.50121209769793,
                                    "count": 1415614,
                                    "self": 0.0,
                                    "children": {
                                        "worker_root": {
                                            "total": 38842.068469795966,
                                            "count": 1415614,
                                            "is_parallel": true,
                                            "self": 10421.696181295232,
                                            "children": {
                                                "steps_from_proto": {
                                                    "total": 0.0013502000000009673,