{
    "name": "root",
    "gauges": {
        "EscapingTheDungeon.Policy.Entropy.mean": {
            "value": 2.180969476699829,
            "min": 1.8928107023239136,
            "max": 2.1830365657806396,
            "count": 588
        },
        "EscapingTheDungeon.Policy.Entropy.sum": {
            "value": 12104.380859375,
            "min": 3049.25244140625,
            "max": 13529.90625,
            "count": 588
        },
        "EscapingTheDungeon.Environment.EpisodeLength.mean": {
            "value": 145.05714285714285,
            "min": 41.42,
            "max": 162.11764705882354,
            "count": 588
        },
        "EscapingTheDungeon.Environment.EpisodeLength.sum": {
            "value": 5077.0,
            "min": 1073.0,
            "max": 6510.0,
            "count": 588
        },
        "EscapingTheDungeon.Step.mean": {
            "value": 15404938.0,
            "min": 12469995.0,
            "max": 15404938.0,
            "count": 588
        },
        "EscapingTheDungeon.Step.sum": {
            "value": 15404938.0,
            "min": 12469995.0,
            "max": 15404938.0,
            "count": 588
        },
        "EscapingTheDungeon.Policy.ExtrinsicValueEstimate.mean": {
            "value": 4.871955394744873,
            "min": 1.069502592086792,
            "max": 7.136690139770508,
            "count": 588
        },
        "EscapingTheDungeon.Policy.ExtrinsicValueEstimate.sum": {
            "value": 316.6770935058594,
            "min": 20.11583709716797,
            "max": 699.3956298828125,
            "count": 588
        },
        "EscapingTheDungeon.Environment.CumulativeReward.mean": {
            "value": 25.764705882352942,
            "min": 4.84070796460177,
            "max": 27.0,
            "count": 588
        },
        "EscapingTheDungeon.Environment.CumulativeReward.sum": {
            "value": 876.0,
            "min": 99.0,
            "max": 1004.0,
            "count": 588
        },
        "EscapingTheDungeon.Policy.ExtrinsicReward.mean": {
            "value": 25.764705882352942,
            "min": 4.84070796460177,
            "max": 27.0,
            "count": 588
        },
        "EscapingTheDungeon.Policy.ExtrinsicReward.sum": {
            "value": 876.0,
            "min": 99.0,
            "max": 1004.0,
            "count": 588
        },
        "EscapingTheDungeon.IsTraining.mean": {
            "value": 1.0,
            "min": 1.0,
            "max": 1.0,
            "count": 588
        },
        "EscapingTheDungeon.IsTraining.sum": {
            "value": 1.0,
            "min": 1.0,
            "max": 1.0,
            "count": 588
        },
        "EscapingTheDungeon.Losses.PolicyLoss.mean": {
            "value": 0.03468710184213705,
            "min": 0.02786434911424294,
            "max": 0.04184897173836362,
            "count": 285
        },
        "EscapingTheDungeon.Losses.PolicyLoss.sum": {
            "value": 0.03468710184213705,
            "min": 0.02786434911424294,
            "max": 0.04184897173836362,
            "count": 285
        },
        "EscapingTheDungeon.Losses.ValueLoss.mean": {
            "value": 0.7359848569333554,
            "min": 0.04394505988806486,
            "max": 3.2389754676818847,
            "count": 285
        },
        "EscapingTheDungeon.Losses.ValueLoss.sum": {
            "value": 0.7359848569333554,
            "min": 0.04394505988806486,
            "max": 3.2389754676818847,
            "count": 285
        },
        "EscapingTheDungeon.Policy.LearningRate.mean": {
            "value": 0.00025378629340457395,
            "min": 0.00025378629340457395,
            "max": 0.00026256185747938494,
            "count": 285
        },
        "EscapingTheDungeon.Policy.LearningRate.sum": {
            "value": 0.00025378629340457395,
            "min": 0.00025378629340457395,
            "max": 0.00026256185747938494,
            "count": 285
        },
        "EscapingTheDungeon.Policy.Epsilon.mean": {
            "value": 0.18459542600000006,
            "min": 0.18459542600000006,
            "max": 0.187520615,
            "count": 285
        },
        "EscapingTheDungeon.Policy.Epsilon.sum": {
            "value": 0.18459542600000006,
            "min": 0.18459542600000006,
            "max": 0.187520615,
            "count": 285
        },
        "EscapingTheDungeon.Policy.Beta.mean": {
            "value": 0.0084610830574,
            "min": 0.0084610830574,
            "max": 0.0087533094385,
            "count": 285
        },
        "EscapingTheDungeon.Policy.Beta.sum": {
            "value": 0.0084610830574,
            "min": 0.0084610830574,
            "max": 0.0087533094385,
            "count": 285
        }
    },
    "metadata": {
        "timer_format_version": "0.1.0",
        "start_time_seconds": "1686295664",
        "python_version": "3.9.0 (default, Nov 15 2020, 08:30:55) [MSC v.1916 64 bit (AMD64)]",
        "command_line_arguments": "E:\\Anaconda_Data\\envs\\mytorch\\Scripts\\mlagents-learn results/ppo/myConfig.yaml --run-id=EscapingTheDungeonUAS_9 --resume",
        "mlagents_version": "0.30.0",
        "mlagents_envs_version": "0.30.0",
        "communication_protocol_version": "1.5.0",
        "pytorch_version": "1.7.1+cu110",
        "numpy_version": "1.21.2",
        "end_time_seconds": "1686303520"
    },
    "total": 7855.8186109,
    "count": 1,
    "self": 0.008102300000246032,
    "children": {
        "run_training.setup": {
            "total": 0.17695119999999998,
            "count": 1,
            "self": 0.17695119999999998
        },
        "TrainerController.start_learning": {
            "total": 7855.6335573999995,
            "count": 1,
            "self": 5.5929273997899145,
            "children": {
                "TrainerController._reset_env": {
                    "total": 11.1307986,
                    "count": 1,
                    "self": 11.1307986
                },
                "TrainerController.advance": {
                    "total": 7838.799718900209,
                    "count": 216530,
                    "self": 2.512727099983749,
                    "children": {
                        "env_step": {
                            "total": 7836.286991800225,
                            "count": 216530,
                            "self": 6671.402542900098,
                            "children": {
                                "SubprocessEnvManager._take_step": {
                                    "total": 1161.8332487000855,
                                    "count": 216530,
                                    "self": 17.472996800215697,
                                    "children": {
                                        "TorchPolicy.evaluate": {
                                            "total": 1144.3602518998698,
                                            "count": 196010,
                                            "self": 1144.3602518998698
                                        }
                                    }
                                },
                                "workers": {
                                    "total": 3.051200200041574,
                                    "count": 216529,
                                    "self": 0.0,
                                    "children": {
                                        "worker_root": {
                                            "total": 7840.050567499939,
                                            "count": 216529,
                                            "is_parallel": true,
                                            "self": 1675.756893799603,
                                            "children": {
                                                "steps_from_proto": {
                                                    "total": 0.0022906000000002535,
                                                    "count": 1,