{
    "name": "root",
    "gauges": {
        "EscapingTheDungeon.Policy.Entropy.mean": {
            "value": 5.263820648193359,
            "min": 5.226200103759766,
            "max": 5.270425319671631,
            "count": 927
        },
        "EscapingTheDungeon.Policy.Entropy.sum": {
            "value": 23529.27734375,
            "min": 17133.46875,
            "max": 35071.15625,
            "count": 927
        },
        "EscapingTheDungeon.Environment.EpisodeLength.mean": {
            "value": 277.2352941176471,
            "min": 91.78846153846153,
            "max": 279.2105263157895,
            "count": 927
        },
        "EscapingTheDungeon.Environment.EpisodeLength.sum": {
            "value": 4713.0,
            "min": 911.0,
            "max": 7589.0,
            "count": 927
        },
        "EscapingTheDungeon.Step.mean": {
            "value": 78649967.0,
            "min": 74019924.0,
            "max": 78649967.0,
            "count": 927
        },
        "EscapingTheDungeon.Step.sum": {
            "value": 78649967.0,
            "min": 74019924.0,
            "max": 78649967.0,
            "count": 927
        },
        "EscapingTheDungeon.Policy.ExtrinsicValueEstimate.mean": {
            "value": 6.472851276397705,
            "min": 4.515258312225342,
            "max": 8.909772872924805,
            "count": 927
        },
        "EscapingTheDungeon.Policy.ExtrinsicValueEstimate.sum": {
            "value": 362.47967529296875,
            "min": 267.2931823730469,
            "max": 637.2325439453125,
            "count": 927
        },
        "EscapingTheDungeon.Environment.CumulativeReward.mean": {
            "value": 44.0,
            "min": 14.038461538461538,
            "max": 44.0,
            "count": 927
        },
        "EscapingTheDungeon.Environment.CumulativeReward.sum": {
            "value": 880.0,
            "min": 124.0,
            "max": 1104.0,
            "count": 927
        },
        "EscapingTheDungeon.Policy.ExtrinsicReward.mean": {
            "value": 44.0,
            "min": 14.038461538461538,
            "max": 44.0,
            "count": 927
        },
        "EscapingTheDungeon.Policy.ExtrinsicReward.sum": {
            "value": 880.0,
            "min": 124.0,
            "max": 1104.0,
            "count": 927
        },
        "EscapingTheDungeon.IsTraining.mean": {
            "value": 1.0,
            "min": 1.0,
            "max": 1.0,
            "count": 927
        },
        "EscapingTheDungeon.IsTraining.sum": {
            "value": 1.0,
            "min": 1.0,
            "max": 1.0,
            "count": 927
        },
        "EscapingTheDungeon.Losses.PolicyLoss.mean": {
            "value": 0.03238360267831013,
            "min": 0.025598595760166064,
            "max": 0.04266035260807257,
            "count": 449
        },
        "EscapingTheDungeon.Losses.PolicyLoss.sum": {
            "value": 0.03238360267831013,
            "min": 0.025598595760166064,
            "max": 0.04266035260807257,
            "count": 449
        },
        "EscapingTheDungeon.Losses.ValueLoss.mean": {
            "value": 0.33953588500618936,
            "min": 0.0007469661941286176,
            "max": 1.873769586086273,
            "count": 449
        },
        "EscapingTheDungeon.Losses.ValueLoss.sum": {
            "value": 0.33953588500618936,
            "min": 0.0007469661941286176,
            "max": 1.873769586086273,
            "count": 449
        },
        "EscapingTheDungeon.Policy.LearningRate.mean": {
            "value": 6.406770364412499e-05,
            "min": 6.406770364412499e-05,
            "max": 7.792050202652398e-05,
            "count": 449
        },
        "EscapingTheDungeon.Policy.LearningRate.sum": {
            "value": 6.406770364412499e-05,
            "min": 6.406770364412499e-05,
            "max": 7.792050202652398e-05,
            "count": 449
        },
        "EscapingTheDungeon.Policy.Epsilon.mean": {
            "value": 0.121355875,
            "min": 0.121355875,
            "max": 0.125973476,
            "count": 449
        },
        "EscapingTheDungeon.Policy.Epsilon.sum": {
            "value": 0.121355875,
            "min": 0.121355875,
            "max": 0.125973476,
            "count": 449
        },
        "EscapingTheDungeon.Policy.Beta.mean": {
            "value": 0.0021434519125000007,
            "min": 0.0021434519125000007,
            "max": 0.0026047502523999988,
            "count": 449
        },
        "EscapingTheDungeon.Policy.Beta.sum": {
            "value": 0.0021434519125000007,
            "min": 0.0021434519125000007,
            "max": 0.0026047502523999988,
            "count": 449
        }
    },
    "metadata": {
        "timer_format_version": "0.1.0",
        "start_time_seconds": "1686541467",
        "python_version": "3.9.0 (default, Nov 15 2020, 08:30:55) [MSC v.1916 64 bit (AMD64)]",
        "command_line_arguments": "E:\\Anaconda_Data\\envs\\mytorch\\Scripts\\mlagents-learn results/ppo/myConfig.yaml --run-id=EscapingTheDungeonUAS_9 --resume",
        "mlagents_version": "0.30.0",
        "mlagents_envs_version": "0.30.0",
        "communication_protocol_version": "1.5.0",
        "pytorch_version": "1.7.1+cu110",
        "numpy_version": "1.21.2",
        "end_time_seconds": "1686551057"
    },
    "total": 9590.3089095,
    "count": 1,
    "self": 0.01151190000018687,
    "children": {
        "run_training.setup": {
            "total": 0.12798100000000012,
            "count": 1,
            "self": 0.12798100000000012
        },
        "TrainerController.start_learning": {
            "total": 9590.1694166,
            "count": 1,
            "self": 8.138860699958968,
            "children": {
                "TrainerController._reset_env": {
                    "total": 7.5556842,
                    "count": 1,
                    "self": 7.5556842
                },
                "TrainerController.advance": {
                    "total": 9574.36017660004,
                    "count": 326253,
                    "self": 3.8789264000479307,
                    "children": {
                        "env_step": {
                            "total": 9570.481250199991,
                            "count": 326253,
                            "self": 7787.4874282001265,
                            "children": {
                                "SubprocessEnvManager._take_step": {
                                    "total": 1778.6329840996768,
                                    "count": 326253,
                                    "self": 26.764328699719044,
                                    "children": {
                                        "TorchPolicy.evaluate": {
                                            "total": 1751.8686553999578,
                                            "count": 309017,
                                            "self": 1751.8686553999578
                                        }
                                    }
                                },
                                "workers": {
                                    "total": 4.360837900187693,
                                    "count": 326252,
                                    "self": 0.0,
                                    "children": {
                                        "worker_root": {
                                            "total": 9575.69171019997,
                                            "count": 326252,
                                            "is_parallel": true,
                                            "self": 2522.2947289005724,
                                            "children": {
                                                "steps_from_proto": {
                                                    "total": 0.004251699999999303,
                                                    "count": 1,