{
    "name": "root",
    "gauges": {
        "EscapingTheDungeon.Policy.Entropy.mean": {
            "value": 3.858137369155884,
            "min": 2.138197183609009,
            "max": 3.859393835067749,
            "count": 3966
        },
        "EscapingTheDungeon.Policy.Entropy.sum": {
            "value": 20602.453125,
            "min": 3561.016845703125,
            "max": 25494.57421875,
            "count": 3966
        },
        "EscapingTheDungeon.Environment.EpisodeLength.mean": {
            "value": 199.6206896551724,
            "min": 10.01923076923077,
            "max": 999.0,
            "count": 3966
        },
        "EscapingTheDungeon.Environment.EpisodeLength.sum": {
            "value": 5789.0,
            "min": 1077.0,
            "max": 9644.0,
            "count": 3966
        },
        "EscapingTheDungeon.Step.mean": {
            "value": 35234983.0,
            "min": 15409991.0,
            "max": 35234983.0,
            "count": 3966
        },
        "EscapingTheDungeon.Step.sum": {
            "value": 35234983.0,
            "min": 15409991.0,
            "max": 35234983.0,
            "count": 3966
        },
        "EscapingTheDungeon.Policy.ExtrinsicValueEstimate.mean": {
            "value": 9.138899803161621,
            "min": 0.007312148809432983,
            "max": 10.864262580871582,
            "count": 3966
        },
        "EscapingTheDungeon.Policy.ExtrinsicValueEstimate.sum": {
            "value": 438.66717529296875,
            "min": 2.8517379760742188,
            "max": 3452.66796875,
            "count": 3966
        },
        "EscapingTheDungeon.Environment.CumulativeReward.mean": {
            "value": 36.48275862068966,
            "min": 0.8221153846153846,
            "max": 44.0,
            "count": 3966
        },
        "EscapingTheDungeon.Environment.CumulativeReward.sum": {
            "value": 1058.0,
            "min": 52.0,
            "max": 1137.0,
            "count": 3966
        },
        "EscapingTheDungeon.Policy.ExtrinsicReward.mean": {
            "value": 36.48275862068966,
            "min": 0.8221153846153846,
            "max": 44.0,
            "count": 3966
        },
        "EscapingTheDungeon.Policy.ExtrinsicReward.sum": {
            "value": 1058.0,
            "min": 52.0,
            "max": 1137.0,
            "count": 3966
        },
        "EscapingTheDungeon.IsTraining.mean": {
            "value": 1.0,
            "min": 1.0,
            "max": 1.0,
            "count": 3966
        },
        "EscapingTheDungeon.IsTraining.sum": {
            "value": 1.0,
            "min": 1.0,
            "max": 1.0,
            "count": 3966
        },
        "EscapingTheDungeon.Losses.PolicyLoss.mean": {
            "value": 0.04217027010687161,
            "min": 0.026278917544987054,
            "max": 0.05371297858364414,
            "count": 1924
        },
        "EscapingTheDungeon.Losses.PolicyLoss.sum": {
            "value": 0.04217027010687161,
            "min": 0.026278917544987054,
            "max": 0.05371297858364414,
            "count": 1924
        },
        "EscapingTheDungeon.Losses.ValueLoss.mean": {
            "value": 0.6827099461853504,
            "min": 0.008327067533973604,
            "max": 3.4196975791454314,
            "count": 1924
        },
        "EscapingTheDungeon.Losses.ValueLoss.sum": {
            "value": 0.6827099461853504,
            "min": 0.008327067533973604,
            "max": 3.4196975791454314,
            "count": 1924
        },
        "EscapingTheDungeon.Policy.LearningRate.mean": {
            "value": 0.000194317160227625,
            "min": 0.000194317160227625,
            "max": 0.0002537428594190519,
            "count": 1924
        },
        "EscapingTheDungeon.Policy.LearningRate.sum": {
            "value": 0.000194317160227625,
            "min": 0.000194317160227625,
            "max": 0.0002537428594190519,
            "count": 1924
        },
        "EscapingTheDungeon.Policy.Epsilon.mean": {
            "value": 0.16477237499999997,
            "min": 0.16477237499999997,
            "max": 0.18458094800000005,
            "count": 1924
        },
        "EscapingTheDungeon.Policy.Epsilon.sum": {
            "value": 0.16477237499999997,
            "min": 0.16477237499999997,
            "max": 0.18458094800000005,
            "count": 1924
        },
        "EscapingTheDungeon.Policy.Beta.mean": {
            "value": 0.006480760262499997,
            "min": 0.006480760262499997,
            "max": 0.0084596367052,
            "count": 1924
        },
        "EscapingTheDungeon.Policy.Beta.sum": {
            "value": 0.006480760262499997,
            "min": 0.006480760262499997,
            "max": 0.0084596367052,
            "count": 1924
        }
    },
    "metadata": {
        "timer_format_version": "0.1.0",
        "start_time_seconds": "1686330183",
        "python_version": "3.9.0 (default, Nov 15 2020, 08:30:55) [MSC v.1916 64 bit (AMD64)]",
        "command_line_arguments": "E:\\Anaconda_Data\\envs\\mytorch\\Scripts\\mlagents-learn results/ppo/myConfig.yaml --run-id=EscapingTheDungeonUAS_9 --resume",
        "mlagents_version": "0.30.0",
        "mlagents_envs_version": "0.30.0",
        "communication_protocol_version": "1.5.0",
        "pytorch_version": "1.7.1+cu110",
        "numpy_version": "1.21.2",
        "end_time_seconds": "1686374591"
    },
    "total": 44404.197612699994,
    "count": 1,
    "self": 0.010384699991845991,
    "children": {
        "run_training.setup": {
            "total": 0.12370459999999994,
            "count": 1,
            "self": 0.12370459999999994
        },
        "TrainerController.start_learning": {
            "total": 44404.0635234,
            "count": 1,
            "self": 35.30910980036424,
            "children": {
                "TrainerController._reset_env": {
                    "total": 15.609325700000001,
                    "count": 1,
                    "self": 15.609325700000001
                },
                "TrainerController.advance": {
                    "total": 44353.01795039963,
                    "count": 1437115,
                    "self": 16.152347099327017,
                    "children": {
                        "env_step": {
                            "total": 44336.865603300306,
                            "count": 1437115,
                            "self": 36951.95006760495,
                            "children": {
                                "SubprocessEnvManager._take_step": {
                                    "total": 7365.765794097965,
                                    "count": 1437115,
                                    "self": 113.09477209727993,
                                    "children": {
                                        "TorchPolicy.evaluate": {
                                            "total": 7252.671022000685,
                                            "count": 1321843,
                                            "self": 7252.671022000685
                                        }
                                    }
                                },
                                "workers": {
                                    "total": 19.149741597389088,
                                    "count": 1437114,
                                    "self": 0.0,
                                    "children": {
                                        "worker_root": {
                                            "total": 44349.14190189482,
                                            "count": 1437114,
                                            "is_parallel": true,
                                            "self": 10576.829166892967,