{
    "name": "root",
    "gauges": {
        "EscapingTheDungeon.Policy.Entropy.mean": {
            "value": 4.84307861328125,
            "min": 4.8419718742370605,
            "max": 4.84307861328125,
            "count": 6
        },
        "EscapingTheDungeon.Policy.Entropy.sum": {
            "value": 24772.34765625,
            "min": 12201.76953125,
            "max": 25059.232421875,
            "count": 6
        },
        "EscapingTheDungeon.Environment.EpisodeLength.mean": {
            "value": 122.97560975609755,
            "min": 31.588957055214724,
            "max": 122.97560975609755,
            "count": 6
        },
        "EscapingTheDungeon.Environment.EpisodeLength.sum": {
            "value": 5042.0,
            "min": 762.0,
            "max": 5420.0,
            "count": 6
        },
        "EscapingTheDungeon.Step.mean": {
            "value": 56224966.0,
            "min": 56199986.0,
            "max": 56224966.0,
            "count": 6
        },
        "EscapingTheDungeon.Step.sum": {
            "value": 56224966.0,
            "min": 56199986.0,
            "max": 56224966.0,
            "count": 6
        },
        "EscapingTheDungeon.Policy.ExtrinsicValueEstimate.mean": {
            "value": 4.577868938446045,
            "min": 2.1056551933288574,
            "max": 7.523565292358398,
            "count": 6
        },
        "EscapingTheDungeon.Policy.ExtrinsicValueEstimate.sum": {
            "value": 288.4057312011719,
            "min": 135.42417907714844,
            "max": 522.5682983398438,
            "count": 6
        },
        "EscapingTheDungeon.Environment.CumulativeReward.mean": {
            "value": 19.0,
            "min": 3.765432098765432,
            "max": 19.0,
            "count": 6
        },
        "EscapingTheDungeon.Environment.CumulativeReward.sum": {
            "value": 798.0,
            "min": 104.0,
            "max": 810.0,
            "count": 6
        },
        "EscapingTheDungeon.Policy.ExtrinsicReward.mean": {
            "value": 19.0,
            "min": 3.765432098765432,
            "max": 19.0,
            "count": 6
        },
        "EscapingTheDungeon.Policy.ExtrinsicReward.sum": {
            "value": 798.0,
            "min": 104.0,
            "max": 810.0,
            "count": 6
        },
        "EscapingTheDungeon.IsTraining.mean": {
            "value": 1.0,
            "min": 1.0,
            "max": 1.0,
            "count": 6
        },
        "EscapingTheDungeon.IsTraining.sum": {
            "value": 1.0,
            "min": 1.0,
            "max": 1.0,
            "count": 6
        },
        "EscapingTheDungeon.Losses.PolicyLoss.mean": {
            "value": 0.033986490293755195,
            "min": 0.033986490293755195,
            "max": 0.03524497849401086,
            "count": 2
        },
        "EscapingTheDungeon.Losses.PolicyLoss.sum": {
            "value": 0.033986490293755195,
            "min": 0.033986490293755195,
            "max": 0.03524497849401086,
            "count": 2
        },
        "EscapingTheDungeon.Losses.ValueLoss.mean": {
            "value": 2.395610507726669,
            "min": 2.2776596903800965,
            "max": 2.395610507726669,
            "count": 2
        },
        "EscapingTheDungeon.Losses.ValueLoss.sum": {
            "value": 2.395610507726669,
            "min": 2.2776596903800965,
            "max": 2.395610507726669,
            "count": 2
        },
        "EscapingTheDungeon.Policy.LearningRate.mean": {
            "value": 0.00013134359621881997,
            "min": 0.00013134359621881997,
            "max": 0.000131374751208435,
            "count": 2
        },
        "EscapingTheDungeon.Policy.LearningRate.sum": {
            "value": 0.00013134359621881997,
            "min": 0.00013134359621881997,
            "max": 0.000131374751208435,
            "count": 2
        },
        "EscapingTheDungeon.Policy.Epsilon.mean": {
            "value": 0.14378117999999995,
            "min": 0.14378117999999995,
            "max": 0.143791565,
            "count": 2
        },
        "EscapingTheDungeon.Policy.Epsilon.sum": {
            "value": 0.14378117999999995,
            "min": 0.14378117999999995,
            "max": 0.143791565,
            "count": 2
        },
        "EscapingTheDungeon.Policy.Beta.mean": {
            "value": 0.004383739882,
            "min": 0.004383739882,
            "max": 0.0043847773435,
            "count": 2
        },
        "EscapingTheDungeon.Policy.Beta.sum": {
            "value": 0.004383739882,
            "min": 0.004383739882,
            "max": 0.0043847773435,
            "count": 2
        }
    },
    "metadata": {
        "timer_format_version": "0.1.0",
        "start_time_seconds": "1686440146",
        "python_version": "3.9.0 (default, Nov 15 2020, 08:30:55) [MSC v.1916 64 bit (AMD64)]",
        "command_line_arguments": "E:\\Anaconda_Data\\envs\\mytorch\\Scripts\\mlagents-learn results/ppo/myConfig.yaml --run-id=EscapingTheDungeonUAS_9 --resume",
        "mlagents_version": "0.30.0",
        "mlagents_envs_version": "0.30.0",
        "communication_protocol_version": "1.5.0",
        "pytorch_version": "1.7.1+cu110",
        "numpy_version": "1.21.2",
        "end_time_seconds": "1686440397"
    },
    "total": 250.6685384,
    "count": 1,
    "self": 0.008161000000001195,
    "children": {
        "run_training.setup": {
            "total": 0.09752450000000001,
            "count": 1,
            "self": 0.09752450000000001
        },
        "TrainerController.start_learning": {
            "total": 250.5628529,
            "count": 1,
            "self": 0.06072799999995482,
            "children": {
                "TrainerController._reset_env": {
                    "total": 8.0167512,
                    "count": 1,
                    "self": 8.0167512
                },
                "TrainerController.advance": {
                    "total": 242.30812480000006,
                    "count": 2482,
                    "self": 0.028212200000098164,
                    "children": {
                        "env_step": {
                            "total": 242.27991259999996,
                            "count": 2482,
                            "self": 229.8024506,
                            "children": {
                                "SubprocessEnvManager._take_step": {
                                    "total": 12.4453228000001,
                                    "count": 2482,
                                    "self": 0.18219489999985328,
                                    "children": {
                                        "TorchPolicy.evaluate": {
                                            "total": 12.263127900000248,
                                            "count": 2098,
                                            "self": 12.263127900000248
                                        }
                                    }
                                },
                                "workers": {
                                    "total": 0.032139199999869916,
                                    "count": 2481,
                                    "self": 0.0,
                                    "children": {
                                        "worker_root": {
                                            "total": 245.55425849999975,
                                            "count": 2481,
                                            "is_parallel": true,
                                            "self": 195.32164619999972,
                                            "children": {
                                                "steps_from_proto": {
                                                    "total": 0.004222699999999691,
                                                    "count": 1,
                                                    "is_parallel": true,