{
    "name": "root",
    "gauges": {
        "EscapingTheDungeon.Policy.Entropy.mean": {
            "value": 1.4310370683670044,
            "min": 1.4089038372039795,
            "max": 1.4310370683670044,
            "count": 32
        },
        "EscapingTheDungeon.Policy.Entropy.sum": {
            "value": 9273.1201171875,
            "min": 681.7184448242188,
            "max": 10043.21484375,
            "count": 32
        },
        "EscapingTheDungeon.Environment.EpisodeLength.mean": {
            "value": 132.80645161290323,
            "min": 19.61187214611872,
            "max": 199.0,
            "count": 32
        },
        "EscapingTheDungeon.Environment.EpisodeLength.sum": {
            "value": 4117.0,
            "min": 438.0,
            "max": 7960.0,
            "count": 32
        },
        "EscapingTheDungeon.Step.mean": {
            "value": 264995.0,
            "min": 109993.0,
            "max": 264995.0,
            "count": 32
        },
        "EscapingTheDungeon.Step.sum": {
            "value": 264995.0,
            "min": 109993.0,
            "max": 264995.0,
            "count": 32
        },
        "EscapingTheDungeon.Policy.ExtrinsicValueEstimate.mean": {
            "value": -3.062514066696167,
            "min": -3.062514066696167,
            "max": 0.9051732420921326,
            "count": 32
        },
        "EscapingTheDungeon.Policy.ExtrinsicValueEstimate.sum": {
            "value": -180.68832397460938,
            "min": -180.68832397460938,
            "max": 215.78546142578125,
            "count": 32
        },
        "EscapingTheDungeon.Environment.CumulativeReward.mean": {
            "value": -7.351351351351352,
            "min": -18.294117647058822,
            "max": 1.0,
            "count": 32
        },
        "EscapingTheDungeon.Environment.CumulativeReward.sum": {
            "value": -272.0,
            "min": -622.0,
            "max": 239.0,
            "count": 32
        },
        "EscapingTheDungeon.Policy.ExtrinsicReward.mean": {
            "value": -7.351351351351352,
            "min": -18.294117647058822,
            "max": 1.0,
            "count": 32
        },
        "EscapingTheDungeon.Policy.ExtrinsicReward.sum": {
            "value": -272.0,
            "min": -622.0,
            "max": 239.0,
            "count": 32
        },
        "EscapingTheDungeon.IsTraining.mean": {
            "value": 1.0,
            "min": 1.0,
            "max": 1.0,
            "count": 32
        },
        "EscapingTheDungeon.IsTraining.sum": {
            "value": 1.0,
            "min": 1.0,
            "max": 1.0,
            "count": 32
        },
        "EscapingTheDungeon.Losses.PolicyLoss.mean": {
            "value": 0.07304913115622576,
            "min": 0.05950206956545752,
            "max": 0.07664443069456522,
            "count": 31
        },
        "EscapingTheDungeon.Losses.PolicyLoss.sum": {
            "value": 0.07304913115622576,
            "min": 0.05950206956545752,
            "max": 0.2183964743295898,
            "count": 31
        },
        "EscapingTheDungeon.Losses.ValueLoss.mean": {
            "value": 0.5764640201163548,
            "min": 3.2941929741051964e-05,
            "max": 2.1098326006403534,
            "count": 31
        },
        "EscapingTheDungeon.Losses.ValueLoss.sum": {
            "value": 0.5764640201163548,
            "min": 6.588385948210393e-05,
            "max": 4.219665201280707,
            "count": 31
        },
        "EscapingTheDungeon.Policy.LearningRate.mean": {
            "value": 0.00029210862263045996,
            "min": 0.00029210862263045996,
            "max": 0.00029661924112691995,
            "count": 31
        },
        "EscapingTheDungeon.Policy.LearningRate.sum": {
            "value": 0.00029210862263045996,
            "min": 0.00029210862263045996,
            "max": 0.00088939254353582,
            "count": 31
        },
        "EscapingTheDungeon.Policy.Epsilon.mean": {
            "value": 0.19736954,
            "min": 0.19736954,
            "max": 0.19887308,
            "count": 31
        },
        "EscapingTheDungeon.Policy.Epsilon.sum": {
            "value": 0.19736954,
            "min": 0.19736954,
            "max": 0.59646418,
            "count": 31
        },
        "EscapingTheDungeon.Policy.Beta.mean": {
            "value": 0.009737217045999998,
            "min": 0.009737217045999998,
            "max": 0.009887420692,
            "count": 31
        },
        "EscapingTheDungeon.Policy.Beta.sum": {
            "value": 0.009737217045999998,
            "min": 0.009737217045999998,
            "max": 0.029646771582,
            "count": 31
        }
    },
    "metadata": {
        "timer_format_version": "0.1.0",
        "start_time_seconds": "1685545547",
        "python_version": "3.9.0 (default, Nov 15 2020, 08:30:55) [MSC v.1916 64 bit (AMD64)]",
        "command_line_arguments": "E:\\Anaconda_Data\\envs\\mytorch\\Scripts\\mlagents-learn results/ppo/newConfig.yaml --run-id=EscapeTheDungeon1 --resume",
        "mlagents_version": "0.30.0",
        "mlagents_envs_version": "0.30.0",
        "communication_protocol_version": "1.5.0",
        "pytorch_version": "1.7.1+cu110",
        "numpy_version": "1.21.2",
        "end_time_seconds": "1685545747"
    },
    "total": 199.9729856,
    "count": 1,
    "self": 0.0069884999999771935,
    "children": {
        "run_training.setup": {
            "total": 0.11864859999999999,
            "count": 1,
            "self": 0.11864859999999999
        },
        "TrainerController.start_learning": {
            "total": 199.8473485,
            "count": 1,
            "self": 0.24653439999983107,
            "children": {
                "TrainerController._reset_env": {
                    "total": 7.2225259,
                    "count": 1,
                    "self": 7.2225259
                },
                "TrainerController.advance": {
                    "total": 192.2784423000002,
                    "count": 9143,
                    "self": 0.10796939999943334,
                    "children": {
                        "env_step": {
                            "total": 192.17047290000076,
                            "count": 9143,
                            "self": 155.1229116000012,
                            "children": {
                                "SubprocessEnvManager._take_step": {
                                    "total": 36.91552660000026,
                                    "count": 9144,
                                    "self": 0.7732887000004709,
                                    "children": {
                                        "TorchPolicy.evaluate": {
                                            "total": 36.14223789999979,
                                            "count": 7998,
                                            "self": 36.14223789999979
                                        }
                                    }
                                },
                                "workers": {
                                    "total": 0.13203469999929496,
                                    "count": 9142,
                                    "self": 0.0,
                                    "children": {
                                        "worker_root": {
                                            "total": 165.31871079999962,
                                            "count": 9142,
                                            "is_parallel": true,
                                            "self": 75.27432250000015,
                                            "children": {
                                                "steps_from_proto": {
                                                    "total": 0.000933399999999196,
                                                    "count": 2,