{
    "name": "root",
    "metadata": {
        "timer_format_version": "0.1.0",
        "start_time_seconds": "1686222675",
        "python_version": "3.9.0 (default, Nov 15 2020, 08:30:55) [MSC v.1916 64 bit (AMD64)]",
        "command_line_arguments": "E:\\Anaconda_Data\\envs\\mytorch\\Scripts\\mlagents-learn results/ppo/myConfig.yaml --run-id=EscapingTheDungeonUAS_7 --force",
        "mlagents_version": "0.30.0",
        "mlagents_envs_version": "0.30.0",
        "communication_protocol_version": "1.5.0",
        "pytorch_version": "1.7.1+cu110",
        "numpy_version": "1.21.2",
        "end_time_seconds": "1686226836"
    },
    "total": 4160.4895464,
    "count": 1,
    "self": 0.009976100000130828,
    "children": {
        "run_training.setup": {
            "total": 0.28230999999999895,
            "count": 1,
            "self": 0.28230999999999895
        },
        "TrainerController.start_learning": {
            "total": 4160.1972603,
            "count": 1,
            "self": 3.35801299996092,
            "children": {
                "TrainerController._reset_env": {
                    "total": 19.3699708,
                    "count": 1,
                    "self": 19.3699708
                },
                "TrainerController.advance": {
                    "total": 4137.34579410004,
                    "count": 134956,
                    "self": 1.5215617999983806,
                    "children": {
                        "env_step": {
                            "total": 4135.824232300041,
                            "count": 134956,
                            "self": 3572.618612999965,
                            "children": {
                                "SubprocessEnvManager._take_step": {
                                    "total": 561.4070504000183,
                                    "count": 134957,
                                    "self": 8.847263899919994,
                                    "children": {
                                        "TorchPolicy.evaluate": {
                                            "total": 552.5597865000983,
                                            "count": 99635,
                                            "self": 552.5597865000983
                                        }
                                    }
                                },
                                "workers": {
                                    "total": 1.798568900057795,
                                    "count": 134955,
                                    "self": 0.0,
                                    "children": {
                                        "worker_root": {
                                            "total": 4069.0666953000405,
                                            "count": 134955,
                                            "is_parallel": true,
                                            "self": 928.4787097000217,
                                            "children": {
                                                "steps_from_proto": {
                                                    "total": 0.0030799000000012455,
                                                    "count": 2,
                                                    "is_parallel": true,
                                                    "self": 0.0003609000000013296,
                                                    "children": {
                                                        "_process_rank_one_or_two_observation": {
                                                            "total": 0.002718999999999916,
                                                            "count": 4,
                                                            "is_parallel": true,
                                                            "self": 0.002718999999999916
                                                        }
                                                    }
                                                },
                                                "UnityEnvironment.step": {
                                                    "total": 3140.5849057000187,
                                                    "count": 134955,
                                                    "is_parallel": true,
                                                    "self": 43.866155900106605,
                                                    "children": {
                                                        "UnityEnvironment._generate_step_input": {
                                                            "total": 29.910907199958455,
                                                            "count": 134955,
                                                            "is_parallel": true,
                                                            "self": 29.910907199958455
                                                        },
                                                        "communicator.exchange": {
                                                            "total": 2940.4618618999575,
                                                            "count": 134955,
                                                            "is_parallel": true,
                                                            "self": 2940.4618618999575
                                                        },
                                                        "steps_from_proto": {
                                                            "total": 126.34598069999649,
                                                            "count": 134953,
                                                            "is_parallel": true,
                                                            "self": 15.078827899967877,
                                                            "children": {
                                                                "_process_rank_one_or_two_observation": {
                                                                    "total": 111.26715280002861,
                                                                    "count": 269906,
                                                                    "is_parallel": true,
                                                                    "self": 111.26715280002861
                                                                }
                                                            }
                                                        }
                                                    }
                                                }
                                            }
                                        }
                                    }
                                }
                            }
                        }
                    }
                },
                "TrainerController._save_models": {
                    "total": 0.12348239999937505,
                    "count": 1,
                    "self": 0.0265875999994023,
                    "children": {
                        "RLTrainer._checkpoint": {
                            "total": 0.09689479999997275,
                            "count": 1,
                            "self": 0.09689479999997275
                        }
                    }
                }
            }
        }
    }
}