{
    "name": "root",
    "gauges": {
        "MoveToGoal.Policy.Entropy.mean": {
            "value": 1.417073130607605,
            "min": 1.4163689613342285,
            "max": 1.4209483861923218,
            "count": 10
        },
        "MoveToGoal.Policy.Entropy.sum": {
            "value": 70999.6171875,
            "min": 70789.28125,
            "max": 71308.875,
            "count": 10
        },
        "MoveToGoal.Environment.EpisodeLength.mean": {
            "value": 820.2372881355932,
            "min": 288.4873417721519,
            "max": 1141.6,
            "count": 10
        },
        "MoveToGoal.Environment.EpisodeLength.sum": {
            "value": 48394.0,
            "min": 44967.0,
            "max": 53650.0,
            "count": 10
        },
        "MoveToGoal.Step.mean": {
            "value": 499981.0,
            "min": 49963.0,
            "max": 499981.0,
            "count": 10
        },
        "MoveToGoal.Step.sum": {
            "value": 499981.0,
            "min": 49963.0,
            "max": 499981.0,
            "count": 10
        },
        "MoveToGoal.Policy.ExtrinsicValueEstimate.mean": {
            "value": 0.09118415415287018,
            "min": 0.07934671640396118,
            "max": 1.9770891666412354,
            "count": 10
        },
        "MoveToGoal.Policy.ExtrinsicValueEstimate.sum": {
            "value": 74.49745178222656,
            "min": 64.66757202148438,
            "max": 1708.205078125,
            "count": 10
        },
        "MoveToGoal.Environment.CumulativeReward.mean": {
            "value": 0.8983050847457628,
            "min": -0.5253164556962026,
            "max": 1.0769230769230769,
            "count": 10
        },
        "MoveToGoal.Environment.CumulativeReward.sum": {
            "value": 53.0,
            "min": -83.0,
            "max": 57.0,
            "count": 10
        },
        "MoveToGoal.Policy.ExtrinsicReward.mean": {
            "value": 0.8983050847457628,
            "min": -0.5253164556962026,
            "max": 1.0769230769230769,
            "count": 10
        },
        "MoveToGoal.Policy.ExtrinsicReward.sum": {
            "value": 53.0,
            "min": -83.0,
            "max": 57.0,
            "count": 10
        },
        "MoveToGoal.Losses.PolicyLoss.mean": {
            "value": 0.02543141320483604,
            "min": 0.02227187903566422,
            "max": 0.02692785511064964,
            "count": 10
        },
        "MoveToGoal.Losses.PolicyLoss.sum": {
            "value": 0.1271570660241802,
            "min": 0.08908751614265688,
            "max": 0.1346392755532482,
            "count": 10
        },
        "MoveToGoal.Losses.ValueLoss.mean": {
            "value": 0.008805124236969279,
            "min": 0.004902939176924216,
            "max": 0.3101844680185119,
            "count": 10
        },
        "MoveToGoal.Losses.ValueLoss.sum": {
            "value": 0.04402562118484639,
            "min": 0.023282314204455663,
            "max": 1.2407378720740476,
            "count": 10
        },
        "MoveToGoal.Policy.LearningRate.mean": {
            "value": 1.6066654644480008e-05,
            "min": 1.6066654644480008e-05,
            "max": 0.0002845968051344,
            "count": 10
        },
        "MoveToGoal.Policy.LearningRate.sum": {
            "value": 8.033327322240003e-05,
            "min": 8.033327322240003e-05,
            "max": 0.0012839208720264,
            "count": 10
        },
        "MoveToGoal.Policy.Epsilon.mean": {
            "value": 0.10535552000000001,
            "min": 0.10535552000000001,
            "max": 0.19486560000000003,
            "count": 10
        },
        "MoveToGoal.Policy.Epsilon.sum": {
            "value": 0.5267776000000001,
            "min": 0.4995294,
            "max": 0.9279736000000001,
            "count": 10
        },
        "MoveToGoal.Policy.Beta.mean": {
            "value": 0.00027724044800000005,
            "min": 0.00027724044800000005,
            "max": 0.00474379344,
            "count": 10
        },
        "MoveToGoal.Policy.Beta.sum": {
            "value": 0.0013862022400000003,
            "min": 0.0013862022400000003,
            "max": 0.021405882640000005,
            "count": 10
        },
        "MoveToGoal.IsTraining.mean": {
            "value": 1.0,
            "min": 1.0,
            "max": 1.0,
            "count": 10
        },
        "MoveToGoal.IsTraining.sum": {
            "value": 1.0,
            "min": 1.0,
            "max": 1.0,
            "count": 10
        }
    },
    "metadata": {
        "timer_format_version": "0.1.0",
        "start_time_seconds": "1684822005",
        "python_version": "3.9.16 (main, Mar  8 2023, 10:39:24) [MSC v.1916 64 bit (AMD64)]",
        "command_line_arguments": "E:\\anaconda3\\envs\\cobasatu\\Scripts\\mlagents-learn --force",
        "mlagents_version": "0.30.0",
        "mlagents_envs_version": "0.30.0",
        "communication_protocol_version": "1.5.0",
        "pytorch_version": "2.0.0",
        "numpy_version": "1.23.5",
        "end_time_seconds": "1684822659"
    },
    "total": 654.6448143,
    "count": 1,
    "self": 0.014760400000000118,
    "children": {
        "run_training.setup": {
            "total": 0.019694099999999715,
            "count": 1,
            "self": 0.019694099999999715
        },
        "TrainerController.start_learning": {
            "total": 654.6103598,
            "count": 1,
            "self": 1.4154012999925953,
            "children": {
                "TrainerController._reset_env": {
                    "total": 8.3861755,
                    "count": 1,
                    "self": 8.3861755
                },
                "TrainerController.advance": {
                    "total": 644.7334797000074,
                    "count": 56065,
                    "self": 1.329031000007717,
                    "children": {
                        "env_step": {
                            "total": 505.45302409999636,
                            "count": 56065,
                            "self": 412.4273874999909,
                            "children": {
                                "SubprocessEnvManager._take_step": {
                                    "total": 92.11150500000606,
                                    "count": 56065,
                                    "self": 4.584170000011909,
                                    "children": {
                                        "TorchPolicy.evaluate": {
                                            "total": 87.52733499999415,
                                            "count": 55595,
                                            "self": 87.52733499999415
                                        }
                                    }
                                },
                                "workers": {
                                    "total": 0.9141315999994077,
                                    "count": 56065,
                                    "self": 0.0,
                                    "children": {
                                        "worker_root": {
                                            "total": 643.9701701000016,
                                            "count": 56065,
                                            "is_parallel": true,
                                            "self": 312.45314670001676,
                                            "children": {
                                                "steps_from_proto": {
                                                    "total": 0.00048549999999991655,
                                                    "count": 1,
                                                    "is_parallel": true,
                                                    "self": 0.0002464999999993722,