{
    "name": "root",
    "metadata": {
        "timer_format_version": "0.1.0",
        "start_time_seconds": "1684999605",
        "python_version": "3.9.0 (default, Nov 15 2020, 08:30:55) [MSC v.1916 64 bit (AMD64)]",
        "command_line_arguments": "E:\\Anaconda_Data\\envs\\mytorch\\Scripts\\mlagents-learn --resume",
        "mlagents_version": "0.30.0",
        "mlagents_envs_version": "0.30.0",
        "communication_protocol_version": "1.5.0",
        "pytorch_version": "1.7.1+cu110",
        "numpy_version": "1.21.2",
        "end_time_seconds": "1684999700"
    },
    "total": 95.2917903,
    "count": 1,
    "self": 0.006099200000008409,
    "children": {
        "run_training.setup": {
            "total": 2.1920488000000002,
            "count": 1,
            "self": 2.1920488000000002
        },
        "TrainerController.start_learning": {
            "total": 93.0936423,
            "count": 1,
            "self": 0.05988019999998073,
            "children": {
                "TrainerController._reset_env": {
                    "total": 11.3361733,
                    "count": 1,
                    "self": 11.3361733
                },
                "TrainerController.advance": {
                    "total": 81.51016790000003,
                    "count": 3764,
                    "self": 0.05539429999988954,
                    "children": {
                        "env_step": {
                            "total": 81.01420690000022,
                            "count": 3764,
                            "self": 64.78340090000006,
                            "children": {
                                "SubprocessEnvManager._take_step": {
                                    "total": 16.18819310000021,
                                    "count": 3764,
                                    "self": 0.26207760000025004,
                                    "children": {
                                        "TorchPolicy.evaluate": {
                                            "total": 15.926115499999959,
                                            "count": 3764,
                                            "self": 15.926115499999959
                                        }
                                    }
                                },
                                "workers": {
                                    "total": 0.04261289999994489,
                                    "count": 3763,
                                    "self": 0.0,
                                    "children": {
                                        "worker_root": {
                                            "total": 38.0079325999998,
                                            "count": 3763,
                                            "is_parallel": true,
                                            "self": 23.524365099999617,
                                            "children": {
                                                "steps_from_proto": {
                                                    "total": 0.0014410999999991958,
                                                    "count": 1,
                                                    "is_parallel": true,
                                                    "self": 0.0002268000000000825,
                                                    "children": {
                                                        "_process_rank_one_or_two_observation": {
                                                            "total": 0.0012142999999991133,
                                                            "count": 2,
                                                            "is_parallel": true,
                                                            "self": 0.0012142999999991133
                                                        }
                                                    }
                                                },
                                                "UnityEnvironment.step": {
                                                    "total": 14.482126400000181,
                                                    "count": 3763,
                                                    "is_parallel": true,
                                                    "self": 0.2707174000000361,
                                                    "children": {
                                                        "UnityEnvironment._generate_step_input": {
                                                            "total": 0.27038730000017175,
                                                            "count": 3763,
                                                            "is_parallel": true,
                                                            "self": 0.27038730000017175
                                                        },
                                                        "communicator.exchange": {
                                                            "total": 13.122979800000016,
                                                            "count": 3763,
                                                            "is_parallel": true,
                                                            "self": 13.122979800000016
                                                        },
                                                        "steps_from_proto": {
                                                            "total": 0.8180418999999581,
                                                            "count": 3763,
                                                            "is_parallel": true,
                                                            "self": 0.45437149999999704,
                                                            "children": {
                                                                "_process_rank_one_or_two_observation": {
                                                                    "total": 0.3636703999999611,
                                                                    "count": 7526,
                                                                    "is_parallel": true,
                                                                    "self": 0.3636703999999611
                                                                }
                                                            }
                                                        }
                                                    }
                                                }
                                            }
                                        }
                                    }
                                }
                            }
                        },
                        "trainer_advance": {
                            "total": 0.4405666999999234,
                            "count": 3763,
                            "self": 0.07468299999995409,
                            "children": {
                                "process_trajectory": {
                                    "total": 0.3658836999999693,
                                    "count": 3763,
                                    "self": 0.3658836999999693
                                }
                            }
                        }
                    }
                },
                "trainer_threads": {
                    "total": 9.999999974752427e-07,
                    "count": 1,
                    "self": 9.999999974752427e-07
                },
                "TrainerController._save_models": {
                    "total": 0.18741989999999475,
                    "count": 1,
                    "self": 0.0016449000000022806,
                    "children": {
                        "RLTrainer._checkpoint": {
                            "total": 0.18577499999999247,