{"count":1,"self":12.283456,"total":12.294455,"children":{"InitializeActuators":{"count":1,"self":0.0020250999999999997,"total":0.0020250999999999997,"children":null},"InitializeSensors":{"count":1,"self":0.0019660999999999997,"total":0.0019660999999999997,"children":null},"AgentSendState":{"count":380,"self":0.0020256,"total":0.0020256,"children":null},"DecideAction":{"count":380,"self":0.0029896999999999996,"total":0.0029896999999999996,"children":null},"AgentAct":{"count":380,"self":0.0019925999999999998,"total":0.0019925999999999998,"children":null}},"gauges":{},"metadata":{"timer_format_version":"0.1.0","start_time_seconds":"1685004059","unity_version":"2021.3.16f1","command_line_arguments":"C:\\Program Files\\Unity\\Hub\\Editor\\2021.3.16f1\\Editor\\Unity.exe -projectPath C:\\ALPHA\\Kuliah\\Sem6\\KBGame\\Proyek_KBGame","communication_protocol_version":"1.5.0","com.unity.ml-agents_version":"2.0.1","scene_name":"Ivan","end_time_seconds":"1685004071"}}