{"count":1,"self":12742.497075199999,"total":20243.0809553,"children":{"InitializeActuators":{"count":20,"self":0.0020705,"total":0.0020705,"children":null},"InitializeSensors":{"count":20,"self":0.0020464999999999997,"total":0.0020464999999999997,"children":null},"AgentSendState":{"count":2380267,"self":29.7503456,"total":2224.3479574,"children":{"CollectObservations":{"count":9521080,"self":293.3084416,"total":293.3084517,"children":null},"WriteActionMask":{"count":9521080,"self":3.923844,"total":3.9238437999999998,"children":null},"RequestDecision":{"count":9521080,"self":25.6128464,"total":1897.3653150999999,"children":{"AgentInfo.ToProto":{"count":9521080,"self":26.8490656,"total":1871.7524683,"children":{"GenerateSensorData":{"count":9521080,"self":1844.9033216,"total":1844.9034035,"children":null}}}}}}},"DecideAction":{"count":2380267,"self":5088.8355839999995,"total":5088.835679,"children":null},"AgentAct":{"count":2380267,"self":177.0429184,"total":179.2316696,"children":{"AgentInfo.ToProto":{"count":6218,"self":0.0485052,"total":2.1887493,"children":{"GenerateSensorData":{"count":6218,"self":2.140244,"total":2.1402441,"children":null}}}}},"AgentInfo.ToProto":{"count":32226,"self":0.2673898,"total":8.1635075,"children":{"GenerateSensorData":{"count":32226,"self":7.8961175999999993,"total":7.8961177,"children":null}}}},"gauges":{"EscapingTheDungeon.CumulativeReward":{"count":38444,"max":15,"min":-2,"runningAverage":7.912501,"value":8,"weightedAverage":8.189547}},"metadata":{"timer_format_version":"0.1.0","start_time_seconds":"1685944182","unity_version":"2021.3.16f1","command_line_arguments":"E:\\Unity_Data\\Hub\\Editor\\2021.3.16f1\\Editor\\Unity.exe -projectpath E:\\GitHub\\felix165\\Proyek_KBGame -useHub -hubIPC -cloudEnvironment production -licensingIpc LicenseClient-HP OMEN -hubSessionId f2779da0-034b-11ee-8cbb-2bd559809710 -accessToken q-EZzTzi2Tsm83pKNJTcjabTsE16f2_jzoA-uppcTac001f","communication_protocol_version":"1.5.0","com.unity.ml-agents_version":"2.0.1","scene_name":"Level0","end_time_seconds":"1685964425"}}