{"count":1,"self":422.39841279999996,"total":1834.1409016,"children":{"InitializeActuators":{"count":25,"self":0.0023133999999999997,"total":0.0023133999999999997,"children":null},"InitializeSensors":{"count":25,"self":0.0025379,"total":0.0025379,"children":null},"AgentSendState":{"count":298201,"self":4.351528,"total":332.8928337,"children":{"CollectObservations":{"count":1491025,"self":40.136390399999996,"total":40.13639,"children":null},"WriteActionMask":{"count":1491025,"self":0.6162946,"total":0.6162946,"children":null},"RequestDecision":{"count":1491025,"self":4.0633479999999995,"total":287.7886211,"children":{"AgentInfo.ToProto":{"count":1491025,"self":4.0279948,"total":283.7252729,"children":{"GenerateSensorData":{"count":1491025,"self":279.69728,"total":279.6972781,"children":null}}}}}}},"DecideAction":{"count":298201,"self":1047.2493055999998,"total":1047.2492621,"children":null},"AgentAct":{"count":298201,"self":14.068318399999999,"total":14.152334999999999,"children":{"AgentInfo.ToProto":{"count":232,"self":0.0050179,"total":0.084016399999999991,"children":{"GenerateSensorData":{"count":232,"self":0.0789985,"total":0.0789985,"children":null}}}}},"AgentInfo.ToProto":{"count":76062,"self":0.5522277,"total":17.4411748,"children":{"GenerateSensorData":{"count":76062,"self":16.8889472,"total":16.8889471,"children":null}}}},"gauges":{"EscapingTheDungeon.CumulativeReward":{"count":76294,"max":2,"min":-10022,"runningAverage":-4.70456362,"value":1,"weightedAverage":1.09340882}},"metadata":{"timer_format_version":"0.1.0","start_time_seconds":"1685800493","unity_version":"2021.3.16f1","command_line_arguments":"E:\\Unity_Data\\Hub\\Editor\\2021.3.16f1\\Editor\\Unity.exe -projectpath E:\\GitHub\\felix165\\Proyek_KBGame -useHub -hubIPC -cloudEnvironment production -licensingIpc LicenseClient-HP OMEN -hubSessionId 8486b910-01ee-11ee-aa03-29104e0926b0 -accessToken 3ucsHltrrFOlYHP-dOgoJcxrybdt6lxa1_KV14K0yAM001f","communication_protocol_version":"1.5.0","com.unity.ml-agents_version":"2.0.1","scene_name":"Level2","end_time_seconds":"1685802327"}}