{"count":1,"self":394.7424256,"total":1516.8827602,"children":{"InitializeActuators":{"count":20,"self":0.0020009999999999997,"total":0.0020009999999999997,"children":null},"InitializeSensors":{"count":20,"self":0.0015078,"total":0.0015078,"children":null},"AgentSendState":{"count":228934,"self":2.8316117999999997,"total":203.0992527,"children":{"CollectObservations":{"count":915740,"self":27.5352896,"total":27.535289199999998,"children":null},"WriteActionMask":{"count":915740,"self":0.4265052,"total":0.4265052,"children":null},"RequestDecision":{"count":915740,"self":2.5222493999999998,"total":172.3058465,"children":{"AgentInfo.ToProto":{"count":915740,"self":2.5688611999999997,"total":169.78359709999998,"children":{"GenerateSensorData":{"count":915740,"self":167.21473279999998,"total":167.2147359,"children":null}}}}}}},"DecideAction":{"count":228934,"self":868.45163519999994,"total":868.4516686,"children":null},"AgentAct":{"count":228934,"self":27.2637184,"total":27.2637176,"children":null},"AgentInfo.ToProto":{"count":100107,"self":0.75466579999999994,"total":23.3211189,"children":{"GenerateSensorData":{"count":100107,"self":22.5664528,"total":22.5664531,"children":null}}}},"gauges":{"EscapingTheDungeon.CumulativeReward":{"count":100107,"max":3,"min":-2,"runningAverage":-0.04505408,"value":0,"weightedAverage":0.357436478}},"metadata":{"timer_format_version":"0.1.0","start_time_seconds":"1685941533","unity_version":"2021.3.16f1","command_line_arguments":"E:\\Unity_Data\\Hub\\Editor\\2021.3.16f1\\Editor\\Unity.exe -projectpath E:\\GitHub\\felix165\\Proyek_KBGame -useHub -hubIPC -cloudEnvironment production -licensingIpc LicenseClient-HP OMEN -hubSessionId f2779da0-034b-11ee-8cbb-2bd559809710 -accessToken q-EZzTzi2Tsm83pKNJTcjabTsE16f2_jzoA-uppcTac001f","communication_protocol_version":"1.5.0","com.unity.ml-agents_version":"2.0.1","scene_name":"Level5","end_time_seconds":"1685943050"}}