{"count":1,"self":38.7361824,"total":105.4280441,"children":{"InitializeActuators":{"count":20,"self":0.0010433,"total":0.0010433,"children":null},"InitializeSensors":{"count":20,"self":0.0020036,"total":0.0020036,"children":null},"AgentSendState":{"count":23484,"self":0.2298482,"total":2.9094712,"children":{"CollectObservations":{"count":93940,"self":1.5574743,"total":1.5574743,"children":null},"WriteActionMask":{"count":93940,"self":0.027195499999999997,"total":0.027195499999999997,"children":null},"RequestDecision":{"count":93940,"self":0.14894559999999998,"total":1.0949532,"children":{"AgentInfo.ToProto":{"count":93940,"self":0.1128825,"total":0.9460076,"children":{"GenerateSensorData":{"count":93940,"self":0.8331251,"total":0.8331251,"children":null}}}}}}},"DecideAction":{"count":23484,"self":62.926764799999994,"total":62.926764299999995,"children":null},"AgentAct":{"count":23484,"self":0.81008569999999991,"total":0.81158999999999992,"children":{"AgentInfo.ToProto":{"count":104,"self":0,"total":0.0015042999999999999,"children":{"GenerateSensorData":{"count":104,"self":0.0015042999999999999,"total":0.0015042999999999999,"children":null}}}}},"AgentInfo.ToProto":{"count":2062,"self":0.017297899999999998,"total":0.0409881,"children":{"GenerateSensorData":{"count":2062,"self":0.023690199999999998,"total":0.023690199999999998,"children":null}}}},"gauges":{"EscapingTheDungeon.CumulativeReward":{"count":2166,"max":2,"min":-121,"runningAverage":-0.679133236,"value":1,"weightedAverage":1.00000024}},"metadata":{"timer_format_version":"0.1.0","start_time_seconds":"1685545366","unity_version":"2021.3.16f1","command_line_arguments":"E:\\Unity_Data\\Hub\\Editor\\2021.3.16f1\\Editor\\Unity.exe -projectpath E:\\GitHub\\felix165\\Proyek_KBGame -useHub -hubIPC -cloudEnvironment production -licensingIpc LicenseClient-HP OMEN -hubSessionId 54b0d6e0-ff77-11ed-b8a6-d32db1d6e4c7 -accessToken f4ryl0RdoX54M_WZOLCtQjwaoWlQnvWykkQyuJB0KrI001f","communication_protocol_version":"1.5.0","com.unity.ml-agents_version":"2.0.1","scene_name":"Level0","end_time_seconds":"1685545471"}}