{"count":1,"self":565.5145984,"total":2092.8874572,"children":{"InitializeActuators":{"count":25,"self":0.002142,"total":0.002142,"children":null},"InitializeSensors":{"count":25,"self":0.0023090999999999997,"total":0.0023090999999999997,"children":null},"AgentSendState":{"count":415851,"self":6.8246888,"total":513.7114753,"children":{"CollectObservations":{"count":2079275,"self":61.7698688,"total":61.7698675,"children":null},"WriteActionMask":{"count":2079275,"self":1.1427745999999999,"total":1.1427745999999999,"children":null},"RequestDecision":{"count":2079275,"self":6.6338984,"total":443.97414449999997,"children":{"AgentInfo.ToProto":{"count":2079275,"self":7.1296488,"total":437.3402463,"children":{"GenerateSensorData":{"count":2079275,"self":430.21061119999996,"total":430.21059759999997,"children":null}}}}}}},"DecideAction":{"count":415851,"self":993.3923328,"total":993.3923096,"children":null},"AgentAct":{"count":415851,"self":19.4552144,"total":20.148075499999997,"children":{"AgentInfo.ToProto":{"count":2046,"self":0.0138499,"total":0.6928612,"children":{"GenerateSensorData":{"count":2046,"self":0.6790113,"total":0.6790113,"children":null}}}}},"AgentInfo.ToProto":{"count":391,"self":0.0045835,"total":0.1155596,"children":{"GenerateSensorData":{"count":391,"self":0.1109761,"total":0.1109761,"children":null}}}},"gauges":{"EscapingTheDungeon.CumulativeReward":{"count":2437,"max":1,"min":-2440,"runningAverage":-52.2273674,"value":-5,"weightedAverage":-4.6787653}},"metadata":{"timer_format_version":"0.1.0","start_time_seconds":"1685802433","unity_version":"2021.3.16f1","command_line_arguments":"E:\\Unity_Data\\Hub\\Editor\\2021.3.16f1\\Editor\\Unity.exe -projectpath E:\\GitHub\\felix165\\Proyek_KBGame -useHub -hubIPC -cloudEnvironment production -licensingIpc LicenseClient-HP OMEN -hubSessionId 8486b910-01ee-11ee-aa03-29104e0926b0 -accessToken 3ucsHltrrFOlYHP-dOgoJcxrybdt6lxa1_KV14K0yAM001f","communication_protocol_version":"1.5.0","com.unity.ml-agents_version":"2.0.1","scene_name":"Level3","end_time_seconds":"1685804526"}}