{"count":1,"self":39.1459328,"total":116.12287029999999,"children":{"InitializeActuators":{"count":20,"self":0.0015042999999999999,"total":0.0015042999999999999,"children":null},"InitializeSensors":{"count":20,"self":0.0010161999999999999,"total":0.0010161999999999999,"children":null},"AgentSendState":{"count":31934,"self":0.3187744,"total":3.5839729,"children":{"CollectObservations":{"count":127740,"self":2.2575016,"total":2.2575016999999997,"children":null},"WriteActionMask":{"count":127740,"self":0.0253898,"total":0.0253898,"children":null},"RequestDecision":{"count":127740,"self":0.24296879999999998,"total":0.98230699999999993,"children":{"AgentInfo.ToProto":{"count":127740,"self":0.1648064,"total":0.7393382,"children":{"GenerateSensorData":{"count":127740,"self":0.57453179999999993,"total":0.57453179999999993,"children":null}}}}}}},"DecideAction":{"count":31934,"self":72.1470464,"total":72.1470447,"children":null},"AgentAct":{"count":31934,"self":1.233641,"total":1.2422469,"children":{"AgentInfo.ToProto":{"count":620,"self":0.0065899999999999995,"total":0.0086059,"children":{"GenerateSensorData":{"count":620,"self":0.0020158999999999997,"total":0.0020158999999999997,"children":null}}}}}},"gauges":{"EscapingTheDungeon.CumulativeReward":{"count":620,"max":1,"min":-101,"runningAverage":-2.26935339,"value":0,"weightedAverage":-2.802597E-45}},"metadata":{"timer_format_version":"0.1.0","start_time_seconds":"1685544295","unity_version":"2021.3.16f1","command_line_arguments":"E:\\Unity_Data\\Hub\\Editor\\2021.3.16f1\\Editor\\Unity.exe -projectpath E:\\GitHub\\felix165\\Proyek_KBGame -useHub -hubIPC -cloudEnvironment production -licensingIpc LicenseClient-HP OMEN -hubSessionId 54b0d6e0-ff77-11ed-b8a6-d32db1d6e4c7 -accessToken f4ryl0RdoX54M_WZOLCtQjwaoWlQnvWykkQyuJB0KrI001f","communication_protocol_version":"1.5.0","com.unity.ml-agents_version":"2.0.1","scene_name":"Lix","end_time_seconds":"1685544411"}}