{"count":1,"self":4333.154304,"total":9586.6325047,"children":{"InitializeActuators":{"count":15,"self":0.0010151,"total":0.0010151,"children":null},"InitializeSensors":{"count":15,"self":0.0010299999999999999,"total":0.0010299999999999999,"children":null},"AgentSendState":{"count":1545084,"self":16.0141232,"total":1393.9080725,"children":{"CollectObservations":{"count":4635255,"self":384.4118016,"total":384.41181059999997,"children":null},"WriteActionMask":{"count":4635255,"self":2.1597124,"total":2.1597125,"children":null},"RequestDecision":{"count":4635255,"self":13.123172,"total":991.3224262,"children":{"AgentInfo.ToProto":{"count":4635255,"self":12.595355999999999,"total":978.19925419999993,"children":{"GenerateSensorData":{"count":4635255,"self":965.60394239999994,"total":965.6038984999999,"children":null}}}}}}},"DecideAction":{"count":1545084,"self":3786.9297663999996,"total":3786.9298921,"children":null},"AgentAct":{"count":1545084,"self":66.2553216,"total":66.2553247,"children":null},"AgentInfo.ToProto":{"count":17972,"self":0.136508,"total":6.3817011999999993,"children":{"GenerateSensorData":{"count":17972,"self":6.2451932,"total":6.2451932,"children":null}}}},"gauges":{"EscapingTheDungeon.CumulativeReward":{"count":17972,"max":44,"min":-3,"runningAverage":40.7009621,"value":44,"weightedAverage":43.99612}},"metadata":{"timer_format_version":"0.1.0","start_time_seconds":"1686541471","unity_version":"2021.3.16f1","command_line_arguments":"E:\\Unity_Data\\Hub\\Editor\\2021.3.16f1\\Editor\\Unity.exe -projectpath E:\\GitHub\\felix165\\Proyek_KBGame -useHub -hubIPC -cloudEnvironment production -licensingIpc LicenseClient-HP OMEN -hubSessionId 5097f5c0-07e7-11ee-a6dc-2181de2afe74 -accessToken jFC6nkHNVtIp_hMJz2LcxZ9QPMpYKlXiH1oOXUqp35g001f","communication_protocol_version":"1.5.0","com.unity.ml-agents_version":"2.0.1","scene_name":"TrainingGround 2","end_time_seconds":"1686551057"}}