{"count":1,"self":17237.3016576,"total":38883.6366806,"children":{"InitializeActuators":{"count":15,"self":0.0010011,"total":0.0010011,"children":null},"InitializeSensors":{"count":15,"self":0.0020012,"total":0.0020012,"children":null},"AgentSendState":{"count":6512501,"self":60.451910399999996,"total":5498.0449978999995,"children":{"CollectObservations":{"count":19537515,"self":1526.944256,"total":1526.9443047999998,"children":null},"WriteActionMask":{"count":19537515,"self":9.214768,"total":9.214768,"children":null},"RequestDecision":{"count":19537515,"self":50.109024,"total":3901.4340156,"children":{"AgentInfo.ToProto":{"count":19537515,"self":48.5417152,"total":3851.3249908999996,"children":{"GenerateSensorData":{"count":19537515,"self":3802.7833343999996,"total":3802.7832771,"children":null}}}}}}},"DecideAction":{"count":6512501,"self":15802.900479999998,"total":15802.9004599,"children":null},"AgentAct":{"count":6512501,"self":302.0593408,"total":303.01047619999997,"children":{"AgentInfo.ToProto":{"count":2733,"self":0.0144975,"total":0.9511335,"children":{"GenerateSensorData":{"count":2733,"self":0.93663599999999991,"total":0.93663599999999991,"children":null}}}}},"AgentInfo.ToProto":{"count":119280,"self":1.0310534999999998,"total":42.372957799999995,"children":{"GenerateSensorData":{"count":119280,"self":41.341904,"total":41.341904299999996,"children":null}}}},"gauges":{"EscapingTheDungeon.CumulativeReward":{"count":122013,"max":32,"min":-3,"runningAverage":18.1449776,"value":29,"weightedAverage":25.6829014}},"metadata":{"timer_format_version":"0.1.0","start_time_seconds":"1686671109","unity_version":"2021.3.16f1","command_line_arguments":"E:\\Unity_Data\\Hub\\Editor\\2021.3.16f1\\Editor\\Unity.exe -projectpath E:\\GitHub\\felix165\\Proyek_KBGame -useHub -hubIPC -cloudEnvironment production -licensingIpc LicenseClient-HP OMEN -hubSessionId e4343ad0-0a00-11ee-92e1-753184d40740 -accessToken cc4w7zRjUt7aiRFqVtlNRN8IJKWFW12K9udeHFkxEUo001f","communication_protocol_version":"1.5.0","com.unity.ml-agents_version":"2.0.1","scene_name":"TrainingGround 3","end_time_seconds":"1686709992"}}