{"count":1,"self":4916.6221312,"total":8344.2833149999988,"children":{"InitializeActuators":{"count":15,"self":0.0030004,"total":0.0030004,"children":null},"InitializeSensors":{"count":15,"self":0.0010003,"total":0.0010003,"children":null},"AgentSendState":{"count":1168434,"self":10.060295199999999,"total":915.62923649999993,"children":{"CollectObservations":{"count":3505305,"self":311.35242239999997,"total":311.3524309,"children":null},"WriteActionMask":{"count":3505305,"self":1.2870457,"total":1.2870457,"children":null},"RequestDecision":{"count":3505305,"self":7.9415048,"total":592.9294648,"children":{"AgentInfo.ToProto":{"count":3505305,"self":8.102648,"total":584.9879599,"children":{"GenerateSensorData":{"count":3505305,"self":576.8852992,"total":576.88531189999992,"children":null}}}}}}},"DecideAction":{"count":1168434,"self":2468.9860608,"total":2468.9860817999997,"children":null},"AgentAct":{"count":1168434,"self":41.8092256,"total":43.027264699999996,"children":{"AgentInfo.ToProto":{"count":3474,"self":0.024347,"total":1.2180377999999998,"children":{"GenerateSensorData":{"count":3474,"self":1.1936908,"total":1.1936908,"children":null}}}}},"AgentInfo.ToProto":{"count":48,"self":0,"total":0.013744399999999999,"children":{"GenerateSensorData":{"count":48,"self":0.013744399999999999,"total":0.013744399999999999,"children":null}}}},"gauges":{"EscapingTheDungeon.CumulativeReward":{"count":3522,"max":10,"min":-10,"runningAverage":8.001164,"value":9.449998,"weightedAverage":8.938145}},"metadata":{"timer_format_version":"0.1.0","start_time_seconds":"1686177567","unity_version":"2021.3.16f1","command_line_arguments":"E:\\Unity_Data\\Hub\\Editor\\2021.3.16f1\\Editor\\Unity.exe -projectpath E:\\GitHub\\felix165\\Proyek_KBGame -useHub -hubIPC -cloudEnvironment production -licensingIpc LicenseClient-HP OMEN -hubSessionId 62b40120-055f-11ee-939a-cdbcf70cf37b -accessToken 3sj50v0dnQJanAuOXrWToYvLZiU2-D7FgqZ2D2ph68A001f","communication_protocol_version":"1.5.0","com.unity.ml-agents_version":"2.0.1","scene_name":"TrainingGround","end_time_seconds":"1686185912"}}