{"count":1,"self":4836.1091072,"total":8540.177247399999,"children":{"InitializeActuators":{"count":25,"self":0.0021414999999999997,"total":0.0021414999999999997,"children":null},"InitializeSensors":{"count":25,"self":0.0020042,"total":0.0020042,"children":null},"AgentSendState":{"count":792117,"self":10.8142816,"total":994.4202141,"children":{"CollectObservations":{"count":3960600,"self":298.8768512,"total":298.87685289999996,"children":null},"WriteActionMask":{"count":3960600,"self":1.4972911999999998,"total":1.4972911999999998,"children":null},"RequestDecision":{"count":3960600,"self":9.2559104,"total":683.2317885,"children":{"AgentInfo.ToProto":{"count":3960600,"self":8.6892336,"total":673.9758777,"children":{"GenerateSensorData":{"count":3960600,"self":665.286656,"total":665.2866439,"children":null}}}}}}},"DecideAction":{"count":792117,"self":2632.553472,"total":2632.5534677,"children":null},"AgentAct":{"count":792117,"self":40.712547199999996,"total":40.8102209,"children":{"AgentInfo.ToProto":{"count":271,"self":0.0021203999999999997,"total":0.0976725,"children":{"GenerateSensorData":{"count":271,"self":0.0955521,"total":0.0955521,"children":null}}}}},"AgentInfo.ToProto":{"count":106585,"self":0.98599609999999993,"total":36.279029099999995,"children":{"GenerateSensorData":{"count":106585,"self":35.2930336,"total":35.293033,"children":null}}}},"gauges":{"EscapingTheDungeon.CumulativeReward":{"count":106856,"max":53.40002,"min":-16.2500381,"runningAverage":15.3987484,"value":15.95,"weightedAverage":15.9489431}},"metadata":{"timer_format_version":"0.1.0","start_time_seconds":"1686194262","unity_version":"2021.3.16f1","command_line_arguments":"E:\\Unity_Data\\Hub\\Editor\\2021.3.16f1\\Editor\\Unity.exe -projectpath E:\\GitHub\\felix165\\Proyek_KBGame -useHub -hubIPC -cloudEnvironment production -licensingIpc LicenseClient-HP OMEN -hubSessionId d1c025f0-0599-11ee-8c65-4311a30e9caf -accessToken rONAqDnSeZBDVuwYtQdidf3_pVPQq-jXgIy7Q8V0frc001f","communication_protocol_version":"1.5.0","com.unity.ml-agents_version":"2.0.1","scene_name":"TrainingGround 0","end_time_seconds":"1686202802"}}