{"count":1,"self":405.165056,"total":759.0160455,"children":{"InitializeActuators":{"count":15,"self":0.0020017999999999998,"total":0.0020017999999999998,"children":null},"InitializeSensors":{"count":15,"self":0.0010037,"total":0.0010037,"children":null},"AgentSendState":{"count":103217,"self":0.8903819,"total":100.92318639999999,"children":{"CollectObservations":{"count":309660,"self":38.2107424,"total":38.210743199999996,"children":null},"WriteActionMask":{"count":309660,"self":0.1484216,"total":0.1484216,"children":null},"RequestDecision":{"count":309660,"self":0.7613395,"total":61.673639699999995,"children":{"AgentInfo.ToProto":{"count":309660,"self":0.7067253,"total":60.9123002,"children":{"GenerateSensorData":{"count":309660,"self":60.205574399999996,"total":60.205574899999995,"children":null}}}}}}},"DecideAction":{"count":103217,"self":248.75179519999998,"total":248.75179899999998,"children":null},"AgentAct":{"count":103217,"self":4.0611992,"total":4.1348715999999994,"children":{"AgentInfo.ToProto":{"count":291,"self":0.0016939,"total":0.0736725,"children":{"GenerateSensorData":{"count":291,"self":0.07197859999999999,"total":0.07197859999999999,"children":null}}}}},"AgentInfo.ToProto":{"count":89,"self":0,"total":0.0369563,"children":{"GenerateSensorData":{"count":89,"self":0.0369563,"total":0.0369563,"children":null}}}},"gauges":{"EscapingTheDungeon.CumulativeReward":{"count":380,"max":22.65001,"min":-15,"runningAverage":7.060519,"value":9.349992,"weightedAverage":10.58951}},"metadata":{"timer_format_version":"0.1.0","start_time_seconds":"1686212411","unity_version":"2021.3.16f1","command_line_arguments":"E:\\Unity_Data\\Hub\\Editor\\2021.3.16f1\\Editor\\Unity.exe -projectpath E:\\GitHub\\felix165\\Proyek_KBGame -useHub -hubIPC -cloudEnvironment production -licensingIpc LicenseClient-HP OMEN -hubSessionId d1c025f0-0599-11ee-8c65-4311a30e9caf -accessToken rONAqDnSeZBDVuwYtQdidf3_pVPQq-jXgIy7Q8V0frc001f","communication_protocol_version":"1.5.0","com.unity.ml-agents_version":"2.0.1","scene_name":"TrainingGround 1","end_time_seconds":"1686213170"}}