{"count":1,"self":11703.458201599999,"total":32184.811710799997,"children":{"InitializeActuators":{"count":15,"self":0.0020203,"total":0.0020203,"children":null},"InitializeSensors":{"count":15,"self":0.0031054999999999998,"total":0.0031054999999999998,"children":null},"AgentSendState":{"count":4448584,"self":42.466272,"total":4478.6545268,"children":{"CollectObservations":{"count":13345755,"self":1039.8147583999998,"total":1039.8147830999999,"children":null},"WriteActionMask":{"count":13345755,"self":5.9507492,"total":5.9507490999999995,"children":null},"RequestDecision":{"count":13345755,"self":36.7950848,"total":3390.4227217,"children":{"AgentInfo.ToProto":{"count":13345755,"self":36.7477216,"total":3353.6276358,"children":{"GenerateSensorData":{"count":13345755,"self":3316.8799744,"total":3316.8799133999996,"children":null}}}}}}},"DecideAction":{"count":4448584,"self":15793.981030399998,"total":15793.9808203,"children":null},"AgentAct":{"count":4448584,"self":188.4155008,"total":188.4418499,"children":{"AgentInfo.ToProto":{"count":42,"self":0,"total":0.0263462,"children":{"GenerateSensorData":{"count":42,"self":0.0263462,"total":0.0263462,"children":null}}}}},"AgentInfo.ToProto":{"count":47972,"self":0.4587765,"total":20.2688469,"children":{"GenerateSensorData":{"count":47972,"self":19.8100704,"total":19.8100704,"children":null}}}},"gauges":{"EscapingTheDungeon.CumulativeReward":{"count":48014,"max":57,"min":-1.5,"runningAverage":52.2927246,"value":57,"weightedAverage":55.4737854}},"metadata":{"timer_format_version":"0.1.0","start_time_seconds":"1686980001","unity_version":"2021.3.16f1","command_line_arguments":"E:\\Unity_Data\\Hub\\Editor\\2021.3.16f1\\Editor\\Unity.exe -projectpath E:\\GitHub\\felix165\\Proyek_KBGame -useHub -hubIPC -cloudEnvironment production -licensingIpc LicenseClient-HP OMEN -hubSessionId 2f003a60-0c5d-11ee-ac02-77ceed831c41 -accessToken T0d7_brtrHyHEqKKBCErmdoRUvFsm6QCzScs72pSuIA001f","communication_protocol_version":"1.5.0","com.unity.ml-agents_version":"2.0.1","scene_name":"TrainingGround 2","end_time_seconds":"1687012186"}}