{"count":1,"self":13.322209599999999,"total":23.868519199999998,"children":{"InitializeActuators":{"count":25,"self":0.0020298,"total":0.0020298,"children":null},"InitializeSensors":{"count":25,"self":0.0019353999999999999,"total":0.0019353999999999999,"children":null},"AgentSendState":{"count":2317,"self":0.0385535,"total":3.464581,"children":{"CollectObservations":{"count":11600,"self":1.1261980999999999,"total":1.1261980999999999,"children":null},"WriteActionMask":{"count":11600,"self":0.0052393,"total":0.0052393,"children":null},"RequestDecision":{"count":11600,"self":0.0436714,"total":2.2945900999999997,"children":{"AgentInfo.ToProto":{"count":11600,"self":0.028231299999999997,"total":2.2509186999999997,"children":{"GenerateSensorData":{"count":11600,"self":2.2226874,"total":2.2226874,"children":null}}}}}}},"DecideAction":{"count":2317,"self":6.9831927999999994,"total":6.9831927,"children":null},"AgentAct":{"count":2317,"self":0.0887239,"total":0.0887239,"children":null},"AgentInfo.ToProto":{"count":13,"self":0.0010033,"total":0.0048417,"children":{"GenerateSensorData":{"count":13,"self":0.0038383999999999996,"total":0.0038383999999999996,"children":null}}}},"gauges":{"EscapingTheDungeon.CumulativeReward":{"count":13,"max":35.9,"min":8.649999,"runningAverage":17.9961567,"value":35.9,"weightedAverage":24.5257683}},"metadata":{"timer_format_version":"0.1.0","start_time_seconds":"1686209872","unity_version":"2021.3.16f1","command_line_arguments":"E:\\Unity_Data\\Hub\\Editor\\2021.3.16f1\\Editor\\Unity.exe -projectpath E:\\GitHub\\felix165\\Proyek_KBGame -useHub -hubIPC -cloudEnvironment production -licensingIpc LicenseClient-HP OMEN -hubSessionId d1c025f0-0599-11ee-8c65-4311a30e9caf -accessToken rONAqDnSeZBDVuwYtQdidf3_pVPQq-jXgIy7Q8V0frc001f","communication_protocol_version":"1.5.0","com.unity.ml-agents_version":"2.0.1","scene_name":"TrainingGround 0","end_time_seconds":"1686209896"}}