{"count":1,"self":14821.779046399999,"total":32509.54901,"children":{"InitializeActuators":{"count":15,"self":0.0020223999999999997,"total":0.0020223999999999997,"children":null},"InitializeSensors":{"count":15,"self":0.0020970999999999997,"total":0.0020970999999999997,"children":null},"AgentSendState":{"count":5169401,"self":47.9248224,"total":4481.5069027,"children":{"CollectObservations":{"count":15508215,"self":1232.68352,"total":1232.6834735,"children":null},"WriteActionMask":{"count":15508215,"self":7.3877104,"total":7.3877099999999993,"children":null},"RequestDecision":{"count":15508215,"self":39.9181824,"total":3193.5108956,"children":{"AgentInfo.ToProto":{"count":15508215,"self":40.4591456,"total":3153.5927145,"children":{"GenerateSensorData":{"count":15508215,"self":3113.1336704,"total":3113.1335704,"children":null}}}}}}},"DecideAction":{"count":5169401,"self":12939.8202368,"total":12939.8203983,"children":null},"AgentAct":{"count":5169401,"self":221.1678464,"total":221.17880169999998,"children":{"AgentInfo.ToProto":{"count":30,"self":0.0007829,"total":0.0109524,"children":{"GenerateSensorData":{"count":30,"self":0.0101695,"total":0.0101695,"children":null}}}}},"AgentInfo.ToProto":{"count":126525,"self":1.0986087,"total":45.259138899999996,"children":{"GenerateSensorData":{"count":126525,"self":44.1605312,"total":44.1605302,"children":null}}}},"gauges":{"EscapingTheDungeon.CumulativeReward":{"count":126555,"max":34.5,"min":-3,"runningAverage":18.0388012,"value":27,"weightedAverage":27.7409554}},"metadata":{"timer_format_version":"0.1.0","start_time_seconds":"1686637249","unity_version":"2021.3.16f1","command_line_arguments":"E:\\Unity_Data\\Hub\\Editor\\2021.3.16f1\\Editor\\Unity.exe -projectpath E:\\GitHub\\felix165\\Proyek_KBGame -useHub -hubIPC -cloudEnvironment production -licensingIpc LicenseClient-HP OMEN -hubSessionId 7feb7480-098d-11ee-9e8d-23b970db94c8 -accessToken -fTEEAJNeybSafc1-AW0j0Vcl_Lz6Zy8_FY2pHaHy-0001f","communication_protocol_version":"1.5.0","com.unity.ml-agents_version":"2.0.1","scene_name":"TrainingGround 3","end_time_seconds":"1686669758"}}