{
    "name": "root",
    "gauges": {
        "MoveToGoal.Policy.Entropy.mean": {
            "value": 1.283130168914795,
            "min": 1.283130168914795,
            "max": 1.4198976755142212,
            "count": 10
        },
        "MoveToGoal.Policy.Entropy.sum": {
            "value": 64161.640625,
            "min": 64161.640625,
            "max": 71332.8203125,
            "count": 10
        },
        "MoveToGoal.Step.mean": {
            "value": 499999.0,
            "min": 49939.0,
            "max": 499999.0,
            "count": 10
        },
        "MoveToGoal.Step.sum": {
            "value": 499999.0,
            "min": 49939.0,
            "max": 499999.0,
            "count": 10
        },
        "MoveToGoal.Policy.ExtrinsicValueEstimate.mean": {
            "value": 1.810951828956604,
            "min": 0.26574888825416565,
            "max": 1.810951828956604,
            "count": 10
        },
        "MoveToGoal.Policy.ExtrinsicValueEstimate.sum": {
            "value": 4297.388671875,
            "min": 241.03424072265625,
            "max": 4297.388671875,
            "count": 10
        },
        "MoveToGoal.Environment.EpisodeLength.mean": {
            "value": 20.075853350189632,
            "min": 20.075853350189632,
            "max": 178.6145038167939,
            "count": 10
        },
        "MoveToGoal.Environment.EpisodeLength.sum": {
            "value": 47640.0,
            "min": 46797.0,
            "max": 52468.0,
            "count": 10
        },
        "MoveToGoal.Environment.CumulativeReward.mean": {
            "value": 2.0,
            "min": -0.24427480916030533,
            "max": 2.0,
            "count": 10
        },
        "MoveToGoal.Environment.CumulativeReward.sum": {
            "value": 4746.0,
            "min": -64.0,
            "max": 4746.0,
            "count": 10
        },
        "MoveToGoal.Policy.ExtrinsicReward.mean": {
            "value": 2.0,
            "min": -0.24427480916030533,
            "max": 2.0,
            "count": 10
        },
        "MoveToGoal.Policy.ExtrinsicReward.sum": {
            "value": 4746.0,
            "min": -64.0,
            "max": 4746.0,
            "count": 10
        },
        "MoveToGoal.Losses.PolicyLoss.mean": {
            "value": 0.025313894272743102,
            "min": 0.022704527012926214,
            "max": 0.026252746241322407,
            "count": 10
        },
        "MoveToGoal.Losses.PolicyLoss.sum": {
            "value": 0.12656947136371552,
            "min": 0.09155698857442379,
            "max": 0.13126373120661203,
            "count": 10
        },
        "MoveToGoal.Losses.ValueLoss.mean": {
            "value": 2.6608084687419858e-05,
            "min": 2.6608084687419858e-05,
            "max": 0.07232784144580363,
            "count": 10
        },
        "MoveToGoal.Losses.ValueLoss.sum": {
            "value": 0.00013304042343709928,
            "min": 0.00013304042343709928,
            "max": 0.28931136578321454,
            "count": 10
        },
        "MoveToGoal.Policy.LearningRate.mean": {
            "value": 1.678497440504e-05,
            "min": 1.678497440504e-05,
            "max": 0.00028456680514440003,
            "count": 10
        },
        "MoveToGoal.Policy.LearningRate.sum": {
            "value": 8.39248720252e-05,
            "min": 8.39248720252e-05,
            "max": 0.0012840966719678,
            "count": 10
        },
        "MoveToGoal.Policy.Epsilon.mean": {
            "value": 0.10559495999999997,
            "min": 0.10559495999999997,
            "max": 0.1948556,
            "count": 10
        },
        "MoveToGoal.Policy.Epsilon.sum": {
            "value": 0.5279747999999999,
            "min": 0.5002782,
            "max": 0.9280321999999996,
            "count": 10
        },
        "MoveToGoal.Policy.Beta.mean": {
            "value": 0.00028918850400000006,
            "min": 0.00028918850400000006,
            "max": 0.00474329444,
            "count": 10
        },
        "MoveToGoal.Policy.Beta.sum": {
            "value": 0.0014459425200000003,
            "min": 0.0014459425200000003,
            "max": 0.021408806779999998,
            "count": 10
        },
        "MoveToGoal.IsTraining.mean": {
            "value": 1.0,
            "min": 1.0,
            "max": 1.0,
            "count": 10
        },
        "MoveToGoal.IsTraining.sum": {
            "value": 1.0,
            "min": 1.0,
            "max": 1.0,
            "count": 10
        }
    },
    "metadata": {
        "timer_format_version": "0.1.0",
        "start_time_seconds": "1684323721",
        "python_version": "3.9.16 (main, Mar  8 2023, 10:39:24) [MSC v.1916 64 bit (AMD64)]",
        "command_line_arguments": "E:\\anaconda3\\envs\\cobasatu\\Scripts\\mlagents-learn --force",
        "mlagents_version": "0.30.0",
        "mlagents_envs_version": "0.30.0",
        "communication_protocol_version": "1.5.0",
        "pytorch_version": "2.0.0",
        "numpy_version": "1.23.5",
        "end_time_seconds": "1684324333"
    },
    "total": 611.9973913,
    "count": 1,
    "self": 0.011709600000017417,
    "children": {
        "run_training.setup": {
            "total": 0.02350589999999997,
            "count": 1,
            "self": 0.02350589999999997
        },
        "TrainerController.start_learning": {
            "total": 611.9621758,
            "count": 1,
            "self": 1.4531803000057835,
            "children": {
                "TrainerController._reset_env": {
                    "total": 6.7395906,
                    "count": 1,
                    "self": 6.7395906
                },
                "TrainerController.advance": {
                    "total": 603.6955867999941,
                    "count": 67851,
                    "self": 1.2698375999999598,
                    "children": {
                        "env_step": {
                            "total": 467.2368583999994,
                            "count": 67851,
                            "self": 389.55950159999975,
                            "children": {
                                "SubprocessEnvManager._take_step": {
                                    "total": 76.72184669999882,
                                    "count": 67851,
                                    "self": 3.6944633999970335,
                                    "children": {
                                        "TorchPolicy.evaluate": {
                                            "total": 73.02738330000179,
                                            "count": 55568,
                                            "self": 73.02738330000179
                                        }
                                    }
                                },
                                "workers": {
                                    "total": 0.9555101000007937,
                                    "count": 67851,
                                    "self": 0.0,
                                    "children": {
                                        "worker_root": {
                                            "total": 603.0750195999867,
                                            "count": 67851,
                                            "is_parallel": true,
                                            "self": 290.20793829998377,
                                            "children": {
                                                "steps_from_proto": {
                                                    "total": 0.0007039000000004236,
                                                    "count": 1,
                                                    "is_parallel": true,
                                                    "self": 0.0003108000000002775,